"","Species","cell_type1","Source","age","batch"
"12wpc_A1_c1_fetal","Homo sapiens","dosal cortex progenitor","Fetal neocortex","12 weeks post-conception","fetal human cortex 1"
"12wpc_A1_c2_fetal","Homo sapiens","dosal cortex progenitor","Fetal neocortex","12 weeks post-conception","fetal human cortex 1"
"12wpc_A10_c1_fetal","Homo sapiens","Unknown","Fetal neocortex","12 weeks post-conception","fetal human cortex 1"
"12wpc_A10_c2_fetal","Homo sapiens","dosal cortex progenitor","Fetal neocortex","12 weeks post-conception","fetal human cortex 1"
"12wpc_A11_c1_fetal","Homo sapiens","dosal cortex neuron","Fetal neocortex","12 weeks post-conception","fetal human cortex 1"
"12wpc_A11_c2_fetal","Homo sapiens","dosal cortex neuron","Fetal neocortex","12 weeks post-conception","fetal human cortex 1"
"12wpc_A12_c1_fetal","Homo sapiens","dosal cortex neuron","Fetal neocortex","12 weeks post-conception","fetal human cortex 1"
"12wpc_A12_c2_fetal","Homo sapiens","dosal cortex neuron","Fetal neocortex","12 weeks post-conception","fetal human cortex 1"
"12wpc_A2_c1_fetal","Homo sapiens","dosal cortex neuron","Fetal neocortex","12 weeks post-conception","fetal human cortex 1"
"12wpc_A2_c2_fetal","Homo sapiens","dosal cortex neuron","Fetal neocortex","12 weeks post-conception","fetal human cortex 1"
"12wpc_A3_c1_fetal","Homo sapiens","dosal cortex neuron","Fetal neocortex","12 weeks post-conception","fetal human cortex 1"
"12wpc_A3_c2_fetal","Homo sapiens","dosal cortex neuron","Fetal neocortex","12 weeks post-conception","fetal human cortex 1"
"12wpc_A4_c1_fetal","Homo sapiens","dosal cortex neuron","Fetal neocortex","12 weeks post-conception","fetal human cortex 1"
"12wpc_A4_c2_fetal","Homo sapiens","dosal cortex neuron","Fetal neocortex","12 weeks post-conception","fetal human cortex 1"
"12wpc_A5_c1_fetal","Homo sapiens","dosal cortex neuron","Fetal neocortex","12 weeks post-conception","fetal human cortex 1"
"12wpc_A5_c2_fetal","Homo sapiens","neuron","Fetal neocortex","12 weeks post-conception","fetal human cortex 1"
"12wpc_A6_c1_fetal","Homo sapiens","dosal cortex neuron","Fetal neocortex","12 weeks post-conception","fetal human cortex 1"
"12wpc_A6_c2_fetal","Homo sapiens","dosal cortex neuron","Fetal neocortex","12 weeks post-conception","fetal human cortex 1"
"12wpc_A7_c1_fetal","Homo sapiens","dosal cortex neuron","Fetal neocortex","12 weeks post-conception","fetal human cortex 1"
"12wpc_A7_c2_fetal","Homo sapiens","dosal cortex neuron","Fetal neocortex","12 weeks post-conception","fetal human cortex 1"
"12wpc_A8_c1_fetal","Homo sapiens","dosal cortex neuron","Fetal neocortex","12 weeks post-conception","fetal human cortex 1"
"12wpc_A8_c2_fetal","Homo sapiens","dosal cortex progenitor","Fetal neocortex","12 weeks post-conception","fetal human cortex 1"
"12wpc_A9_c1_fetal","Homo sapiens","dosal cortex progenitor","Fetal neocortex","12 weeks post-conception","fetal human cortex 1"
"12wpc_A9_c2_fetal","Homo sapiens","dosal cortex neuron","Fetal neocortex","12 weeks post-conception","fetal human cortex 1"
"12wpc_B1_c1_fetal","Homo sapiens","dosal cortex neuron","Fetal neocortex","12 weeks post-conception","fetal human cortex 1"
"12wpc_B1_c2_fetal","Homo sapiens","dosal cortex neuron","Fetal neocortex","12 weeks post-conception","fetal human cortex 1"
"12wpc_B10_c1_fetal","Homo sapiens","dosal cortex neuron","Fetal neocortex","12 weeks post-conception","fetal human cortex 1"
"12wpc_B10_c2_fetal","Homo sapiens","dosal cortex neuron","Fetal neocortex","12 weeks post-conception","fetal human cortex 1"
"12wpc_B11_c1_fetal","Homo sapiens","dosal cortex progenitor","Fetal neocortex","12 weeks post-conception","fetal human cortex 1"
"12wpc_B11_c2_fetal","Homo sapiens","dosal cortex neuron","Fetal neocortex","12 weeks post-conception","fetal human cortex 1"
"12wpc_B12_c1_fetal","Homo sapiens","dosal cortex neuron","Fetal neocortex","12 weeks post-conception","fetal human cortex 1"
"12wpc_B2_c1_fetal","Homo sapiens","dosal cortex neuron","Fetal neocortex","12 weeks post-conception","fetal human cortex 1"
"12wpc_B2_c2_fetal","Homo sapiens","neuron","Fetal neocortex","12 weeks post-conception","fetal human cortex 1"
"12wpc_B3_c1_fetal","Homo sapiens","dosal cortex neuron","Fetal neocortex","12 weeks post-conception","fetal human cortex 1"
"12wpc_B3_c2_fetal","Homo sapiens","dosal cortex neuron","Fetal neocortex","12 weeks post-conception","fetal human cortex 1"
"12wpc_B4_c1_fetal","Homo sapiens","dosal cortex neuron","Fetal neocortex","12 weeks post-conception","fetal human cortex 1"
"12wpc_B5_c1_fetal","Homo sapiens","dosal cortex progenitor","Fetal neocortex","12 weeks post-conception","fetal human cortex 1"
"12wpc_B5_c2_fetal","Homo sapiens","dosal cortex neuron","Fetal neocortex","12 weeks post-conception","fetal human cortex 1"
"12wpc_B6_c1_fetal","Homo sapiens","neuron","Fetal neocortex","12 weeks post-conception","fetal human cortex 1"
"12wpc_B6_c2_fetal","Homo sapiens","dosal cortex neuron","Fetal neocortex","12 weeks post-conception","fetal human cortex 1"
"12wpc_B7_c1_fetal","Homo sapiens","Unknown","Fetal neocortex","12 weeks post-conception","fetal human cortex 1"
"12wpc_B7_c2_fetal","Homo sapiens","dosal cortex progenitor","Fetal neocortex","12 weeks post-conception","fetal human cortex 1"
"12wpc_B8_c2_fetal","Homo sapiens","dosal cortex neuron","Fetal neocortex","12 weeks post-conception","fetal human cortex 1"
"12wpc_B9_c2_fetal","Homo sapiens","Unknown","Fetal neocortex","12 weeks post-conception","fetal human cortex 1"
"12wpc_c1_C1_fetal","Homo sapiens","dosal cortex neuron","Fetal neocortex","12 weeks post-conception","fetal human cortex 1"
"12wpc_c1_C10_fetal","Homo sapiens","Unknown","Fetal neocortex","12 weeks post-conception","fetal human cortex 1"
"12wpc_c1_C12_fetal","Homo sapiens","dosal cortex neuron","Fetal neocortex","12 weeks post-conception","fetal human cortex 1"
"12wpc_c1_C2_fetal","Homo sapiens","dosal cortex neuron","Fetal neocortex","12 weeks post-conception","fetal human cortex 1"
"12wpc_C1_c2_fetal","Homo sapiens","dosal cortex neuron","Fetal neocortex","12 weeks post-conception","fetal human cortex 1"
"12wpc_c1_C3_fetal","Homo sapiens","dosal cortex neuron","Fetal neocortex","12 weeks post-conception","fetal human cortex 1"
"12wpc_c1_C4_fetal","Homo sapiens","Unknown","Fetal neocortex","12 weeks post-conception","fetal human cortex 1"
"12wpc_c1_C6_fetal","Homo sapiens","Unknown","Fetal neocortex","12 weeks post-conception","fetal human cortex 1"
"12wpc_c1_C9_fetal","Homo sapiens","dosal cortex neuron","Fetal neocortex","12 weeks post-conception","fetal human cortex 1"
"12wpc_c1_D1_fetal","Homo sapiens","dosal cortex neuron","Fetal neocortex","12 weeks post-conception","fetal human cortex 1"
"12wpc_c1_D10_fetal","Homo sapiens","dosal cortex neuron","Fetal neocortex","12 weeks post-conception","fetal human cortex 1"
"12wpc_c1_D11_fetal","Homo sapiens","Unknown","Fetal neocortex","12 weeks post-conception","fetal human cortex 1"
"12wpc_c1_D12_fetal","Homo sapiens","dosal cortex progenitor","Fetal neocortex","12 weeks post-conception","fetal human cortex 1"
"12wpc_c1_D2_fetal","Homo sapiens","dosal cortex neuron","Fetal neocortex","12 weeks post-conception","fetal human cortex 1"
"12wpc_c1_D4_fetal","Homo sapiens","dosal cortex neuron","Fetal neocortex","12 weeks post-conception","fetal human cortex 1"
"12wpc_c1_D5_fetal","Homo sapiens","dosal cortex progenitor","Fetal neocortex","12 weeks post-conception","fetal human cortex 1"
"12wpc_c1_D6_fetal","Homo sapiens","neuron","Fetal neocortex","12 weeks post-conception","fetal human cortex 1"
"12wpc_c1_D7_fetal","Homo sapiens","Unknown","Fetal neocortex","12 weeks post-conception","fetal human cortex 1"
"12wpc_c1_D8_fetal","Homo sapiens","dosal cortex neuron","Fetal neocortex","12 weeks post-conception","fetal human cortex 1"
"12wpc_c1_D9_fetal","Homo sapiens","dosal cortex progenitor","Fetal neocortex","12 weeks post-conception","fetal human cortex 1"
"12wpc_c1_E1_fetal","Homo sapiens","dosal cortex neuron","Fetal neocortex","12 weeks post-conception","fetal human cortex 1"
"12wpc_c1_E10_fetal","Homo sapiens","dosal cortex progenitor","Fetal neocortex","12 weeks post-conception","fetal human cortex 1"
"12wpc_c1_E12_fetal","Homo sapiens","dosal cortex neuron","Fetal neocortex","12 weeks post-conception","fetal human cortex 1"
"12wpc_c1_E3_fetal","Homo sapiens","dosal cortex neuron","Fetal neocortex","12 weeks post-conception","fetal human cortex 1"
"12wpc_c1_E5_fetal","Homo sapiens","dosal cortex neuron","Fetal neocortex","12 weeks post-conception","fetal human cortex 1"
"12wpc_c1_E6_fetal","Homo sapiens","dosal cortex neuron","Fetal neocortex","12 weeks post-conception","fetal human cortex 1"
"12wpc_c1_E7_fetal","Homo sapiens","dosal cortex neuron","Fetal neocortex","12 weeks post-conception","fetal human cortex 1"
"12wpc_c1_E8_fetal","Homo sapiens","dosal cortex neuron","Fetal neocortex","12 weeks post-conception","fetal human cortex 1"
"12wpc_c1_E9_fetal","Homo sapiens","dosal cortex progenitor","Fetal neocortex","12 weeks post-conception","fetal human cortex 1"
"12wpc_c1_F1_fetal","Homo sapiens","Unknown","Fetal neocortex","12 weeks post-conception","fetal human cortex 1"
"12wpc_c1_F10_fetal","Homo sapiens","dosal cortex neuron","Fetal neocortex","12 weeks post-conception","fetal human cortex 1"
"12wpc_c1_F11_fetal","Homo sapiens","dosal cortex neuron","Fetal neocortex","12 weeks post-conception","fetal human cortex 1"
"12wpc_c1_F12_fetal","Homo sapiens","dosal cortex progenitor","Fetal neocortex","12 weeks post-conception","fetal human cortex 1"
"12wpc_c1_F2_fetal","Homo sapiens","dosal cortex progenitor","Fetal neocortex","12 weeks post-conception","fetal human cortex 1"
"12wpc_c1_F3_fetal","Homo sapiens","Unknown","Fetal neocortex","12 weeks post-conception","fetal human cortex 1"
"12wpc_c1_F4_fetal","Homo sapiens","dosal cortex neuron","Fetal neocortex","12 weeks post-conception","fetal human cortex 1"
"12wpc_c1_F5_fetal","Homo sapiens","Unknown","Fetal neocortex","13 weeks post-conception","fetal human cortex 2"
"12wpc_c1_F7_fetal","Homo sapiens","dosal cortex neuron","Fetal neocortex","12 weeks post-conception","fetal human cortex 1"
"12wpc_c1_F8_fetal","Homo sapiens","dosal cortex progenitor","Fetal neocortex","12 weeks post-conception","fetal human cortex 1"
"12wpc_c1_F9_fetal","Homo sapiens","dosal cortex neuron","Fetal neocortex","12 weeks post-conception","fetal human cortex 1"
"12wpc_c1_fetal_G1","Homo sapiens","dosal cortex neuron","Fetal neocortex","12 weeks post-conception","fetal human cortex 1"
"12wpc_c1_fetal_G10","Homo sapiens","dosal cortex neuron","Fetal neocortex","12 weeks post-conception","fetal human cortex 1"
"12wpc_c1_fetal_G11","Homo sapiens","dosal cortex neuron","Fetal neocortex","12 weeks post-conception","fetal human cortex 1"
"12wpc_c1_fetal_G12","Homo sapiens","dosal cortex neuron","Fetal neocortex","12 weeks post-conception","fetal human cortex 1"
"12wpc_c1_fetal_G2","Homo sapiens","dosal cortex neuron","Fetal neocortex","12 weeks post-conception","fetal human cortex 1"
"12wpc_c1_fetal_G3","Homo sapiens","dosal cortex neuron","Fetal neocortex","12 weeks post-conception","fetal human cortex 1"
"12wpc_c1_fetal_G4","Homo sapiens","dosal cortex neuron","Fetal neocortex","12 weeks post-conception","fetal human cortex 1"
"12wpc_c1_fetal_G5","Homo sapiens","dosal cortex progenitor","Fetal neocortex","12 weeks post-conception","fetal human cortex 1"
"12wpc_c1_fetal_G6","Homo sapiens","dosal cortex neuron","Fetal neocortex","12 weeks post-conception","fetal human cortex 1"
"12wpc_c1_fetal_G7","Homo sapiens","Unknown","Fetal neocortex","12 weeks post-conception","fetal human cortex 1"
"12wpc_c1_fetal_G8","Homo sapiens","dosal cortex progenitor","Fetal neocortex","12 weeks post-conception","fetal human cortex 1"
"12wpc_c1_fetal_G9","Homo sapiens","dosal cortex neuron","Fetal neocortex","12 weeks post-conception","fetal human cortex 1"
"12wpc_c1_fetal_H10","Homo sapiens","dosal cortex neuron","Fetal neocortex","12 weeks post-conception","fetal human cortex 1"
"12wpc_c1_fetal_H11","Homo sapiens","dosal cortex neuron","Fetal neocortex","12 weeks post-conception","fetal human cortex 1"
"12wpc_c1_fetal_H12","Homo sapiens","dosal cortex neuron","Fetal neocortex","12 weeks post-conception","fetal human cortex 1"
"12wpc_c1_fetal_H2","Homo sapiens","neuron","Fetal neocortex","12 weeks post-conception","fetal human cortex 1"
"12wpc_c1_fetal_H3","Homo sapiens","dosal cortex neuron","Fetal neocortex","12 weeks post-conception","fetal human cortex 1"
"12wpc_c1_fetal_H5","Homo sapiens","dosal cortex neuron","Fetal neocortex","12 weeks post-conception","fetal human cortex 1"
"12wpc_c1_fetal_H6","Homo sapiens","dosal cortex neuron","Fetal neocortex","12 weeks post-conception","fetal human cortex 1"
"12wpc_c1_fetal_H7","Homo sapiens","dosal cortex neuron","Fetal neocortex","12 weeks post-conception","fetal human cortex 1"
"12wpc_c1_fetal_H8","Homo sapiens","dosal cortex progenitor","Fetal neocortex","12 weeks post-conception","fetal human cortex 1"
"12wpc_C11_c2_fetal","Homo sapiens","dosal cortex neuron","Fetal neocortex","12 weeks post-conception","fetal human cortex 1"
"12wpc_C12_c2_fetal","Homo sapiens","dosal cortex neuron","Fetal neocortex","12 weeks post-conception","fetal human cortex 1"
"12wpc_c2_C2_fetal","Homo sapiens","dosal cortex progenitor","Fetal neocortex","12 weeks post-conception","fetal human cortex 1"
"12wpc_c2_C3_fetal","Homo sapiens","Unknown","Fetal neocortex","12 weeks post-conception","fetal human cortex 1"
"12wpc_c2_C4_fetal","Homo sapiens","dosal cortex neuron","Fetal neocortex","12 weeks post-conception","fetal human cortex 1"
"12wpc_c2_C5_fetal","Homo sapiens","dosal cortex neuron","Fetal neocortex","12 weeks post-conception","fetal human cortex 1"
"12wpc_c2_C7_fetal","Homo sapiens","dosal cortex neuron","Fetal neocortex","12 weeks post-conception","fetal human cortex 1"
"12wpc_c2_C8_fetal","Homo sapiens","dosal cortex neuron","Fetal neocortex","12 weeks post-conception","fetal human cortex 1"
"12wpc_c2_C9_fetal","Homo sapiens","dosal cortex neuron","Fetal neocortex","12 weeks post-conception","fetal human cortex 1"
"12wpc_c2_D1_fetal","Homo sapiens","dosal cortex progenitor","Fetal neocortex","12 weeks post-conception","fetal human cortex 1"
"12wpc_c2_D10_fetal","Homo sapiens","dosal cortex neuron","Fetal neocortex","12 weeks post-conception","fetal human cortex 1"
"12wpc_c2_D11_fetal","Homo sapiens","dosal cortex progenitor","Fetal neocortex","12 weeks post-conception","fetal human cortex 1"
"12wpc_c2_D12_fetal","Homo sapiens","dosal cortex neuron","Fetal neocortex","12 weeks post-conception","fetal human cortex 1"
"12wpc_c2_D2_fetal","Homo sapiens","neuron","Fetal neocortex","12 weeks post-conception","fetal human cortex 1"
"12wpc_c2_D3_fetal","Homo sapiens","dosal cortex neuron","Fetal neocortex","12 weeks post-conception","fetal human cortex 1"
"12wpc_c2_D4_fetal","Homo sapiens","dosal cortex neuron","Fetal neocortex","12 weeks post-conception","fetal human cortex 1"
"12wpc_c2_D5_fetal","Homo sapiens","dosal cortex progenitor","Fetal neocortex","12 weeks post-conception","fetal human cortex 1"
"12wpc_c2_D6_fetal","Homo sapiens","dosal cortex neuron","Fetal neocortex","12 weeks post-conception","fetal human cortex 1"
"12wpc_c2_D7_fetal","Homo sapiens","dosal cortex neuron","Fetal neocortex","12 weeks post-conception","fetal human cortex 1"
"12wpc_c2_D8_fetal","Homo sapiens","dosal cortex progenitor","Fetal neocortex","12 weeks post-conception","fetal human cortex 1"
"12wpc_c2_D9_fetal","Homo sapiens","dosal cortex neuron","Fetal neocortex","12 weeks post-conception","fetal human cortex 1"
"12wpc_c2_E1_fetal","Homo sapiens","Unknown","Fetal neocortex","12 weeks post-conception","fetal human cortex 1"
"12wpc_c2_E11_fetal","Homo sapiens","Unknown","Fetal neocortex","12 weeks post-conception","fetal human cortex 1"
"12wpc_c2_E12_fetal","Homo sapiens","dosal cortex neuron","Fetal neocortex","12 weeks post-conception","fetal human cortex 1"
"12wpc_c2_E2_fetal","Homo sapiens","dosal cortex progenitor","Fetal neocortex","12 weeks post-conception","fetal human cortex 1"
"12wpc_c2_E3_fetal","Homo sapiens","dosal cortex neuron","Fetal neocortex","12 weeks post-conception","fetal human cortex 1"
"12wpc_c2_E4_fetal","Homo sapiens","dosal cortex neuron","Fetal neocortex","12 weeks post-conception","fetal human cortex 1"
"12wpc_c2_E5_fetal","Homo sapiens","dosal cortex progenitor","Fetal neocortex","12 weeks post-conception","fetal human cortex 1"
"12wpc_c2_E6_fetal","Homo sapiens","dosal cortex progenitor","Fetal neocortex","12 weeks post-conception","fetal human cortex 1"
"12wpc_c2_E7_fetal","Homo sapiens","dosal cortex neuron","Fetal neocortex","12 weeks post-conception","fetal human cortex 1"
"12wpc_c2_E8_fetal","Homo sapiens","dosal cortex neuron","Fetal neocortex","12 weeks post-conception","fetal human cortex 1"
"12wpc_c2_E9_fetal","Homo sapiens","dosal cortex neuron","Fetal neocortex","12 weeks post-conception","fetal human cortex 1"
"12wpc_c2_F1_fetal","Homo sapiens","dosal cortex neuron","Fetal neocortex","12 weeks post-conception","fetal human cortex 1"
"12wpc_c2_F12_fetal","Homo sapiens","dosal cortex neuron","Fetal neocortex","12 weeks post-conception","fetal human cortex 1"
"12wpc_c2_F2_fetal","Homo sapiens","dosal cortex progenitor","Fetal neocortex","12 weeks post-conception","fetal human cortex 1"
"12wpc_c2_F3_fetal","Homo sapiens","dosal cortex neuron","Fetal neocortex","12 weeks post-conception","fetal human cortex 1"
"12wpc_c2_F4_fetal","Homo sapiens","dosal cortex neuron","Fetal neocortex","12 weeks post-conception","fetal human cortex 1"
"12wpc_c2_F5_fetal","Homo sapiens","dosal cortex neuron","Fetal neocortex","12 weeks post-conception","fetal human cortex 1"
"12wpc_c2_F6_fetal","Homo sapiens","dosal cortex neuron","Fetal neocortex","12 weeks post-conception","fetal human cortex 1"
"12wpc_c2_F7_fetal","Homo sapiens","dosal cortex neuron","Fetal neocortex","12 weeks post-conception","fetal human cortex 1"
"12wpc_c2_F9_fetal","Homo sapiens","dosal cortex neuron","Fetal neocortex","12 weeks post-conception","fetal human cortex 1"
"12wpc_c2_fetal_G1","Homo sapiens","dosal cortex neuron","Fetal neocortex","12 weeks post-conception","fetal human cortex 1"
"12wpc_c2_fetal_G11","Homo sapiens","dosal cortex neuron","Fetal neocortex","12 weeks post-conception","fetal human cortex 1"
"12wpc_c2_fetal_G12","Homo sapiens","dosal cortex neuron","Fetal neocortex","12 weeks post-conception","fetal human cortex 1"
"12wpc_c2_fetal_G2","Homo sapiens","dosal cortex neuron","Fetal neocortex","12 weeks post-conception","fetal human cortex 1"
"12wpc_c2_fetal_G3","Homo sapiens","dosal cortex neuron","Fetal neocortex","12 weeks post-conception","fetal human cortex 1"
"12wpc_c2_fetal_G4","Homo sapiens","dosal cortex neuron","Fetal neocortex","12 weeks post-conception","fetal human cortex 1"
"12wpc_c2_fetal_G5","Homo sapiens","dosal cortex neuron","Fetal neocortex","12 weeks post-conception","fetal human cortex 1"
"12wpc_c2_fetal_G6","Homo sapiens","dosal cortex progenitor","Fetal neocortex","12 weeks post-conception","fetal human cortex 1"
"12wpc_c2_fetal_G7","Homo sapiens","dosal cortex progenitor","Fetal neocortex","12 weeks post-conception","fetal human cortex 1"
"12wpc_c2_fetal_G9","Homo sapiens","dosal cortex neuron","Fetal neocortex","12 weeks post-conception","fetal human cortex 1"
"12wpc_c2_fetal_H1","Homo sapiens","dosal cortex neuron","Fetal neocortex","12 weeks post-conception","fetal human cortex 1"
"12wpc_c2_fetal_H11","Homo sapiens","Unknown","Fetal neocortex","12 weeks post-conception","fetal human cortex 1"
"12wpc_c2_fetal_H12","Homo sapiens","dosal cortex progenitor","Fetal neocortex","12 weeks post-conception","fetal human cortex 1"
"12wpc_c2_fetal_H2","Homo sapiens","dosal cortex neuron","Fetal neocortex","12 weeks post-conception","fetal human cortex 1"
"12wpc_c2_fetal_H4","Homo sapiens","dosal cortex neuron","Fetal neocortex","12 weeks post-conception","fetal human cortex 1"
"12wpc_c2_fetal_H5","Homo sapiens","dosal cortex neuron","Fetal neocortex","12 weeks post-conception","fetal human cortex 1"
"12wpc_c2_fetal_H6","Homo sapiens","Unknown","Fetal neocortex","12 weeks post-conception","fetal human cortex 1"
"12wpc_c2_fetal_H7","Homo sapiens","dosal cortex neuron","Fetal neocortex","12 weeks post-conception","fetal human cortex 1"
"12wpc_c2_fetal_H8","Homo sapiens","dosal cortex neuron","Fetal neocortex","12 weeks post-conception","fetal human cortex 1"
"13wpc_A12_fetal","Homo sapiens","dosal cortex neuron","Fetal neocortex","13 weeks post-conception","fetal human cortex 2"
"13wpc_A4_fetal","Homo sapiens","dosal cortex neuron","Fetal neocortex","13 weeks post-conception","fetal human cortex 2"
"13wpc_A6_fetal","Homo sapiens","dosal cortex neuron","Fetal neocortex","13 weeks post-conception","fetal human cortex 2"
"13wpc_A7_fetal","Homo sapiens","dosal cortex neuron","Fetal neocortex","13 weeks post-conception","fetal human cortex 2"
"13wpc_A8_fetal","Homo sapiens","dosal cortex neuron","Fetal neocortex","13 weeks post-conception","fetal human cortex 2"
"13wpc_A9_fetal","Homo sapiens","dosal cortex neuron","Fetal neocortex","13 weeks post-conception","fetal human cortex 2"
"13wpc_B10_fetal","Homo sapiens","dosal cortex progenitor","Fetal neocortex","13 weeks post-conception","fetal human cortex 2"
"13wpc_B11_fetal","Homo sapiens","dosal cortex neuron","Fetal neocortex","13 weeks post-conception","fetal human cortex 2"
"13wpc_B12_fetal","Homo sapiens","dosal cortex neuron","Fetal neocortex","13 weeks post-conception","fetal human cortex 2"
"13wpc_B2_fetal","Homo sapiens","dosal cortex neuron","Fetal neocortex","13 weeks post-conception","fetal human cortex 2"
"13wpc_B3_fetal","Homo sapiens","dosal cortex neuron","Fetal neocortex","13 weeks post-conception","fetal human cortex 2"
"13wpc_B5_fetal","Homo sapiens","Unknown","Fetal neocortex","13 weeks post-conception","fetal human cortex 2"
"13wpc_B6_fetal","Homo sapiens","dosal cortex neuron","Fetal neocortex","13 weeks post-conception","fetal human cortex 2"
"13wpc_B7_fetal","Homo sapiens","Unknown","Fetal neocortex","13 weeks post-conception","fetal human cortex 2"
"13wpc_B8_fetal","Homo sapiens","dosal cortex neuron","Fetal neocortex","13 weeks post-conception","fetal human cortex 2"
"13wpc_C10_fetal","Homo sapiens","dosal cortex progenitor","Fetal neocortex","13 weeks post-conception","fetal human cortex 2"
"13wpc_C11_fetal","Homo sapiens","dosal cortex neuron","Fetal neocortex","13 weeks post-conception","fetal human cortex 2"
"13wpc_C12_fetal","Homo sapiens","dosal cortex neuron","Fetal neocortex","13 weeks post-conception","fetal human cortex 2"
"13wpc_C4_fetal","Homo sapiens","dosal cortex neuron","Fetal neocortex","13 weeks post-conception","fetal human cortex 2"
"13wpc_C5_fetal","Homo sapiens","dosal cortex neuron","Fetal neocortex","13 weeks post-conception","fetal human cortex 2"
"13wpc_C7_fetal","Homo sapiens","dosal cortex neuron","Fetal neocortex","13 weeks post-conception","fetal human cortex 2"
"13wpc_C9_fetal","Homo sapiens","dosal cortex neuron","Fetal neocortex","13 weeks post-conception","fetal human cortex 2"
"13wpc_D10_fetal","Homo sapiens","Unknown","Fetal neocortex","13 weeks post-conception","fetal human cortex 2"
"13wpc_D2_fetal","Homo sapiens","dosal cortex neuron","Fetal neocortex","13 weeks post-conception","fetal human cortex 2"
"13wpc_D3_fetal","Homo sapiens","neuron","Fetal neocortex","13 weeks post-conception","fetal human cortex 2"
"13wpc_D4_fetal","Homo sapiens","dosal cortex neuron","Fetal neocortex","13 weeks post-conception","fetal human cortex 2"
"13wpc_D8_fetal","Homo sapiens","dosal cortex neuron","Fetal neocortex","13 weeks post-conception","fetal human cortex 2"
"13wpc_D9_fetal","Homo sapiens","dosal cortex neuron","Fetal neocortex","13 weeks post-conception","fetal human cortex 2"
"13wpc_E1_fetal","Homo sapiens","dosal cortex neuron","Fetal neocortex","13 weeks post-conception","fetal human cortex 2"
"13wpc_E10_fetal","Homo sapiens","dosal cortex neuron","Fetal neocortex","13 weeks post-conception","fetal human cortex 2"
"13wpc_E11_fetal","Homo sapiens","dosal cortex neuron","Fetal neocortex","13 weeks post-conception","fetal human cortex 2"
"13wpc_E2_fetal","Homo sapiens","dosal cortex neuron","Fetal neocortex","13 weeks post-conception","fetal human cortex 2"
"13wpc_E3_fetal","Homo sapiens","dosal cortex neuron","Fetal neocortex","13 weeks post-conception","fetal human cortex 2"
"13wpc_E4_fetal","Homo sapiens","dosal cortex neuron","Fetal neocortex","13 weeks post-conception","fetal human cortex 2"
"13wpc_E5_fetal","Homo sapiens","dosal cortex neuron","Fetal neocortex","13 weeks post-conception","fetal human cortex 2"
"13wpc_F1_fetal","Homo sapiens","dosal cortex neuron","Fetal neocortex","13 weeks post-conception","fetal human cortex 2"
"13wpc_F10_fetal","Homo sapiens","dosal cortex neuron","Fetal neocortex","13 weeks post-conception","fetal human cortex 2"
"13wpc_F11_fetal","Homo sapiens","dosal cortex neuron","Fetal neocortex","13 weeks post-conception","fetal human cortex 2"
"13wpc_F2_fetal","Homo sapiens","Unknown","Fetal neocortex","13 weeks post-conception","fetal human cortex 2"
"13wpc_F3_fetal","Homo sapiens","dosal cortex neuron","Fetal neocortex","13 weeks post-conception","fetal human cortex 2"
"13wpc_F6_fetal","Homo sapiens","dosal cortex neuron","Fetal neocortex","13 weeks post-conception","fetal human cortex 2"
"13wpc_F7_fetal","Homo sapiens","dosal cortex neuron","Fetal neocortex","13 weeks post-conception","fetal human cortex 2"
"13wpc_F8_fetal","Homo sapiens","dosal cortex neuron","Fetal neocortex","13 weeks post-conception","fetal human cortex 2"
"13wpc_fetal_G1","Homo sapiens","dosal cortex neuron","Fetal neocortex","13 weeks post-conception","fetal human cortex 2"
"13wpc_fetal_G10","Homo sapiens","dosal cortex neuron","Fetal neocortex","13 weeks post-conception","fetal human cortex 2"
"13wpc_fetal_G11","Homo sapiens","dosal cortex neuron","Fetal neocortex","13 weeks post-conception","fetal human cortex 2"
"13wpc_fetal_G2","Homo sapiens","dosal cortex neuron","Fetal neocortex","13 weeks post-conception","fetal human cortex 2"
"13wpc_fetal_G5","Homo sapiens","dosal cortex neuron","Fetal neocortex","13 weeks post-conception","fetal human cortex 2"
"13wpc_fetal_G6","Homo sapiens","dosal cortex neuron","Fetal neocortex","13 weeks post-conception","fetal human cortex 2"
"13wpc_fetal_G7","Homo sapiens","dosal cortex neuron","Fetal neocortex","13 weeks post-conception","fetal human cortex 2"
"13wpc_fetal_G8","Homo sapiens","dosal cortex neuron","Fetal neocortex","13 weeks post-conception","fetal human cortex 2"
"13wpc_fetal_G9","Homo sapiens","dosal cortex neuron","Fetal neocortex","13 weeks post-conception","fetal human cortex 2"
"13wpc_fetal_H1","Homo sapiens","dosal cortex neuron","Fetal neocortex","13 weeks post-conception","fetal human cortex 2"
"13wpc_fetal_H11","Homo sapiens","dosal cortex neuron","Fetal neocortex","13 weeks post-conception","fetal human cortex 2"
"13wpc_fetal_H2","Homo sapiens","dosal cortex neuron","Fetal neocortex","13 weeks post-conception","fetal human cortex 2"
"13wpc_fetal_H4","Homo sapiens","dosal cortex neuron","Fetal neocortex","13 weeks post-conception","fetal human cortex 2"
"13wpc_fetal_H5","Homo sapiens","dosal cortex neuron","Fetal neocortex","13 weeks post-conception","fetal human cortex 2"
"13wpc_fetal_H6","Homo sapiens","dosal cortex neuron","Fetal neocortex","13 weeks post-conception","fetal human cortex 2"
"13wpc_fetal_H7","Homo sapiens","dosal cortex neuron","Fetal neocortex","13 weeks post-conception","fetal human cortex 2"
"13wpc_fetal_H8","Homo sapiens","dosal cortex neuron","Fetal neocortex","13 weeks post-conception","fetal human cortex 2"
"13wpc_fetal_H9","Homo sapiens","dosal cortex neuron","Fetal neocortex","13 weeks post-conception","fetal human cortex 2"
"53d_A1_ESC_hOrg_reg2","Homo sapiens","Unknown","Microdissected cortical-like ventricle from cerebral organoid","53 days","ESC H9"
"53d_A10_ESC_hOrg_reg1","Homo sapiens","dosal cortex progenitor","Microdissected cortical-like ventricle from cerebral organoid","53 days","ESC H9"
"53d_A11_ESC_hOrg_reg2","Homo sapiens","dosal cortex progenitor","Microdissected cortical-like ventricle from cerebral organoid","53 days","ESC H9"
"53d_A12_ESC_hOrg_reg1","Homo sapiens","dosal cortex progenitor","Microdissected cortical-like ventricle from cerebral organoid","53 days","ESC H9"
"53d_A2_ESC_hOrg_reg2","Homo sapiens","dosal cortex progenitor","Microdissected cortical-like ventricle from cerebral organoid","53 days","ESC H9"
"53d_A3_ESC_hOrg_reg1","Homo sapiens","dosal cortex neuron","Microdissected cortical-like ventricle from cerebral organoid","53 days","ESC H9"
"53d_A4_ESC_hOrg_reg1","Homo sapiens","mesenchyme","Microdissected cortical-like ventricle from cerebral organoid","53 days","ESC H9"
"53d_A5_ESC_hOrg_reg2","Homo sapiens","dosal cortex neuron","Microdissected cortical-like ventricle from cerebral organoid","53 days","ESC H9"
"53d_A6_ESC_hOrg_reg1","Homo sapiens","dosal cortex progenitor","Microdissected cortical-like ventricle from cerebral organoid","53 days","ESC H9"
"53d_A7_ESC_hOrg_reg2","Homo sapiens","dosal cortex progenitor","Microdissected cortical-like ventricle from cerebral organoid","53 days","ESC H9"
"53d_A8_ESC_hOrg_reg1","Homo sapiens","mesenchyme","Microdissected cortical-like ventricle from cerebral organoid","53 days","ESC H9"
"53d_A9_ESC_hOrg_reg1","Homo sapiens","dosal cortex progenitor","Microdissected cortical-like ventricle from cerebral organoid","53 days","ESC H9"
"53d_B1_ESC_hOrg_reg1","Homo sapiens","dosal cortex progenitor","Microdissected cortical-like ventricle from cerebral organoid","53 days","ESC H9"
"53d_B10_ESC_hOrg_reg2","Homo sapiens","dosal cortex neuron","Microdissected cortical-like ventricle from cerebral organoid","53 days","ESC H9"
"53d_B11_ESC_hOrg_reg1","Homo sapiens","Unknown","Microdissected cortical-like ventricle from cerebral organoid","53 days","ESC H9"
"53d_B12_ESC_hOrg_reg1","Homo sapiens","dosal cortex neuron","Microdissected cortical-like ventricle from cerebral organoid","53 days","ESC H9"
"53d_B2_ESC_hOrg_reg2","Homo sapiens","dosal cortex progenitor","Microdissected cortical-like ventricle from cerebral organoid","53 days","ESC H9"
"53d_B3_ESC_hOrg_reg2","Homo sapiens","dosal cortex progenitor","Microdissected cortical-like ventricle from cerebral organoid","53 days","ESC H9"
"53d_B4_ESC_hOrg_reg2","Homo sapiens","Unknown","Microdissected cortical-like ventricle from cerebral organoid","53 days","ESC H9"
"53d_B5_ESC_hOrg_reg1","Homo sapiens","dosal cortex neuron","Microdissected cortical-like ventricle from cerebral organoid","53 days","ESC H9"
"53d_B6_ESC_hOrg_reg2","Homo sapiens","dosal cortex progenitor","Microdissected cortical-like ventricle from cerebral organoid","53 days","ESC H9"
"53d_B7_ESC_hOrg_reg1","Homo sapiens","dosal cortex progenitor","Microdissected cortical-like ventricle from cerebral organoid","53 days","ESC H9"
"53d_B8_ESC_hOrg_reg1","Homo sapiens","mesenchyme","Microdissected cortical-like ventricle from cerebral organoid","53 days","ESC H9"
"53d_B9_ESC_hOrg_reg1","Homo sapiens","dosal cortex neuron","Microdissected cortical-like ventricle from cerebral organoid","53 days","ESC H9"
"53d_C1_ESC_hOrg_reg1","Homo sapiens","Unknown","Microdissected cortical-like ventricle from cerebral organoid","53 days","ESC H9"
"53d_C10_ESC_hOrg_reg2","Homo sapiens","Unknown","Microdissected cortical-like ventricle from cerebral organoid","53 days","ESC H9"
"53d_C11_ESC_hOrg_reg2","Homo sapiens","Unknown","Microdissected cortical-like ventricle from cerebral organoid","53 days","ESC H9"
"53d_C12_ESC_hOrg_reg1","Homo sapiens","Unknown","Microdissected cortical-like ventricle from cerebral organoid","53 days","ESC H9"
"53d_C2_ESC_hOrg_reg1","Homo sapiens","dosal cortex progenitor","Microdissected cortical-like ventricle from cerebral organoid","53 days","ESC H9"
"53d_C3_ESC_hOrg_reg2","Homo sapiens","dosal cortex neuron","Microdissected cortical-like ventricle from cerebral organoid","53 days","ESC H9"
"53d_C4_ESC_hOrg_reg2","Homo sapiens","dosal cortex progenitor","Microdissected cortical-like ventricle from cerebral organoid","53 days","ESC H9"
"53d_C5_ESC_hOrg_reg1","Homo sapiens","dosal cortex progenitor","Microdissected cortical-like ventricle from cerebral organoid","53 days","ESC H9"
"53d_C6_ESC_hOrg_reg1","Homo sapiens","dosal cortex neuron","Microdissected cortical-like ventricle from cerebral organoid","53 days","ESC H9"
"53d_C7_ESC_hOrg_reg1","Homo sapiens","dosal cortex progenitor","Microdissected cortical-like ventricle from cerebral organoid","53 days","ESC H9"
"53d_C8_ESC_hOrg_reg1","Homo sapiens","dosal cortex neuron","Microdissected cortical-like ventricle from cerebral organoid","53 days","ESC H9"
"53d_C9_ESC_hOrg_reg1","Homo sapiens","dosal cortex progenitor","Microdissected cortical-like ventricle from cerebral organoid","53 days","ESC H9"
"53d_D1_ESC_hOrg_reg2","Homo sapiens","Unknown","Microdissected cortical-like ventricle from cerebral organoid","53 days","ESC H9"
"53d_D10_ESC_hOrg_reg2","Homo sapiens","Unknown","Microdissected cortical-like ventricle from cerebral organoid","53 days","ESC H9"
"53d_D11_ESC_hOrg_reg2","Homo sapiens","dosal cortex progenitor","Microdissected cortical-like ventricle from cerebral organoid","53 days","ESC H9"
"53d_D12_ESC_hOrg_reg2","Homo sapiens","dosal cortex progenitor","Microdissected cortical-like ventricle from cerebral organoid","53 days","ESC H9"
"53d_D2_ESC_hOrg_reg2","Homo sapiens","dosal cortex progenitor","Microdissected cortical-like ventricle from cerebral organoid","53 days","ESC H9"
"53d_D3_ESC_hOrg_reg1","Homo sapiens","dosal cortex neuron","Microdissected cortical-like ventricle from cerebral organoid","53 days","ESC H9"
"53d_D4_ESC_hOrg_reg2","Homo sapiens","dosal cortex neuron","Microdissected cortical-like ventricle from cerebral organoid","53 days","ESC H9"
"53d_D5_ESC_hOrg_reg2","Homo sapiens","dosal cortex neuron","Microdissected cortical-like ventricle from cerebral organoid","53 days","ESC H9"
"53d_D6_ESC_hOrg_reg2","Homo sapiens","Unknown","Microdissected cortical-like ventricle from cerebral organoid","53 days","ESC H9"
"53d_D7_ESC_hOrg_reg2","Homo sapiens","dosal cortex progenitor","Microdissected cortical-like ventricle from cerebral organoid","53 days","ESC H9"
"53d_D8_ESC_hOrg_reg2","Homo sapiens","dosal cortex progenitor","Microdissected cortical-like ventricle from cerebral organoid","53 days","ESC H9"
"53d_D9_ESC_hOrg_reg1","Homo sapiens","mesenchyme","Microdissected cortical-like ventricle from cerebral organoid","53 days","ESC H9"
"53d_E1_ESC_hOrg_reg1","Homo sapiens","mesenchyme","Microdissected cortical-like ventricle from cerebral organoid","53 days","ESC H9"
"53d_E10_ESC_hOrg_reg1","Homo sapiens","dosal cortex progenitor","Microdissected cortical-like ventricle from cerebral organoid","53 days","ESC H9"
"53d_E11_ESC_hOrg_reg1","Homo sapiens","dosal cortex progenitor","Microdissected cortical-like ventricle from cerebral organoid","53 days","ESC H9"
"53d_E12_ESC_hOrg_reg1","Homo sapiens","Unknown","Microdissected cortical-like ventricle from cerebral organoid","53 days","ESC H9"
"53d_E2_ESC_hOrg_reg2","Homo sapiens","dosal cortex neuron","Microdissected cortical-like ventricle from cerebral organoid","53 days","ESC H9"
"53d_E3_ESC_hOrg_reg1","Homo sapiens","Unknown","Microdissected cortical-like ventricle from cerebral organoid","53 days","ESC H9"
"53d_E4_ESC_hOrg_reg1","Homo sapiens","dosal cortex progenitor","Microdissected cortical-like ventricle from cerebral organoid","53 days","ESC H9"
"53d_E5_ESC_hOrg_reg1","Homo sapiens","dosal cortex progenitor","Microdissected cortical-like ventricle from cerebral organoid","53 days","ESC H9"
"53d_E6_ESC_hOrg_reg2","Homo sapiens","Unknown","Microdissected cortical-like ventricle from cerebral organoid","53 days","ESC H9"
"53d_E7_ESC_hOrg_reg1","Homo sapiens","dosal cortex progenitor","Microdissected cortical-like ventricle from cerebral organoid","53 days","ESC H9"
"53d_E8_ESC_hOrg_reg2","Homo sapiens","dosal cortex progenitor","Microdissected cortical-like ventricle from cerebral organoid","53 days","ESC H9"
"53d_E9_ESC_hOrg_reg2","Homo sapiens","dosal cortex neuron","Microdissected cortical-like ventricle from cerebral organoid","53 days","ESC H9"
"53d_ESC_F1_hOrg_reg1","Homo sapiens","Unknown","Microdissected cortical-like ventricle from cerebral organoid","53 days","ESC H9"
"53d_ESC_F10_hOrg_reg1","Homo sapiens","dosal cortex neuron","Microdissected cortical-like ventricle from cerebral organoid","53 days","ESC H9"
"53d_ESC_F11_hOrg_reg1","Homo sapiens","Unknown","Microdissected cortical-like ventricle from cerebral organoid","53 days","ESC H9"
"53d_ESC_F12_hOrg_reg2","Homo sapiens","dosal cortex progenitor","Microdissected cortical-like ventricle from cerebral organoid","53 days","ESC H9"
"53d_ESC_F2_hOrg_reg2","Homo sapiens","dosal cortex progenitor","Microdissected cortical-like ventricle from cerebral organoid","53 days","ESC H9"
"53d_ESC_F3_hOrg_reg2","Homo sapiens","dosal cortex neuron","Microdissected cortical-like ventricle from cerebral organoid","53 days","ESC H9"
"53d_ESC_F4_hOrg_reg1","Homo sapiens","mesenchyme","Microdissected cortical-like ventricle from cerebral organoid","53 days","ESC H9"
"53d_ESC_F5_hOrg_reg2","Homo sapiens","Unknown","Microdissected cortical-like ventricle from cerebral organoid","53 days","ESC H9"
"53d_ESC_F6_hOrg_reg2","Homo sapiens","dosal cortex progenitor","Microdissected cortical-like ventricle from cerebral organoid","53 days","ESC H9"
"53d_ESC_F7_hOrg_reg2","Homo sapiens","dosal cortex progenitor","Microdissected cortical-like ventricle from cerebral organoid","53 days","ESC H9"
"53d_ESC_F8_hOrg_reg1","Homo sapiens","dosal cortex progenitor","Microdissected cortical-like ventricle from cerebral organoid","53 days","ESC H9"
"53d_ESC_F9_hOrg_reg1","Homo sapiens","dosal cortex progenitor","Microdissected cortical-like ventricle from cerebral organoid","53 days","ESC H9"
"53d_ESC_G1_hOrg_reg2","Homo sapiens","dosal cortex progenitor","Microdissected cortical-like ventricle from cerebral organoid","53 days","ESC H9"
"53d_ESC_G10_hOrg_reg2","Homo sapiens","dosal cortex neuron","Microdissected cortical-like ventricle from cerebral organoid","53 days","ESC H9"
"53d_ESC_G11_hOrg_reg1","Homo sapiens","dosal cortex neuron","Microdissected cortical-like ventricle from cerebral organoid","53 days","ESC H9"
"53d_ESC_G12_hOrg_reg1","Homo sapiens","dosal cortex neuron","Microdissected cortical-like ventricle from cerebral organoid","53 days","ESC H9"
"53d_ESC_G2_hOrg_reg2","Homo sapiens","Unknown","Microdissected cortical-like ventricle from cerebral organoid","53 days","ESC H9"
"53d_ESC_G3_hOrg_reg2","Homo sapiens","dosal cortex progenitor","Microdissected cortical-like ventricle from cerebral organoid","53 days","ESC H9"
"53d_ESC_G4_hOrg_reg1","Homo sapiens","dosal cortex progenitor","Microdissected cortical-like ventricle from cerebral organoid","53 days","ESC H9"
"53d_ESC_G5_hOrg_reg1","Homo sapiens","dosal cortex neuron","Microdissected cortical-like ventricle from cerebral organoid","53 days","ESC H9"
"53d_ESC_G6_hOrg_reg1","Homo sapiens","dosal cortex neuron","Microdissected cortical-like ventricle from cerebral organoid","53 days","ESC H9"
"53d_ESC_G7_hOrg_reg1","Homo sapiens","dosal cortex progenitor","Microdissected cortical-like ventricle from cerebral organoid","53 days","ESC H9"
"53d_ESC_G8_hOrg_reg2","Homo sapiens","Unknown","Microdissected cortical-like ventricle from cerebral organoid","53 days","ESC H9"
"53d_ESC_G9_hOrg_reg2","Homo sapiens","dosal cortex progenitor","Microdissected cortical-like ventricle from cerebral organoid","53 days","ESC H9"
"53d_ESC_H1_hOrg_reg1","Homo sapiens","dosal cortex neuron","Microdissected cortical-like ventricle from cerebral organoid","53 days","ESC H9"
"53d_ESC_H10_hOrg_reg2","Homo sapiens","Unknown","Microdissected cortical-like ventricle from cerebral organoid","53 days","ESC H9"
"53d_ESC_H11_hOrg_reg2","Homo sapiens","dosal cortex progenitor","Microdissected cortical-like ventricle from cerebral organoid","53 days","ESC H9"
"53d_ESC_H12_hOrg_reg2","Homo sapiens","dosal cortex neuron","Microdissected cortical-like ventricle from cerebral organoid","53 days","ESC H9"
"53d_ESC_H2_hOrg_reg2","Homo sapiens","dosal cortex progenitor","Microdissected cortical-like ventricle from cerebral organoid","53 days","ESC H9"
"53d_ESC_H3_hOrg_reg1","Homo sapiens","dosal cortex progenitor","Microdissected cortical-like ventricle from cerebral organoid","53 days","ESC H9"
"53d_ESC_H4_hOrg_reg2","Homo sapiens","dosal cortex neuron","Microdissected cortical-like ventricle from cerebral organoid","53 days","ESC H9"
"53d_ESC_H5_hOrg_reg2","Homo sapiens","Unknown","Microdissected cortical-like ventricle from cerebral organoid","53 days","ESC H9"
"53d_ESC_H6_hOrg_reg2","Homo sapiens","dosal cortex progenitor","Microdissected cortical-like ventricle from cerebral organoid","53 days","ESC H9"
"53d_ESC_H7_hOrg_reg1","Homo sapiens","dosal cortex progenitor","Microdissected cortical-like ventricle from cerebral organoid","53 days","ESC H9"
"53d_ESC_H8_hOrg_reg2","Homo sapiens","dosal cortex neuron","Microdissected cortical-like ventricle from cerebral organoid","53 days","ESC H9"
"53d_ESC_H9_hOrg_reg1","Homo sapiens","dosal cortex neuron","Microdissected cortical-like ventricle from cerebral organoid","53 days","ESC H9"
"58d_A1_hOrg_iPSC_reg4","Homo sapiens","Unknown","Microdissected cortical-like ventricle from cerebral organoid","58 days","iPSC 409B2"
"58d_A10_hOrg_iPSC_reg3","Homo sapiens","dosal cortex progenitor","Microdissected cortical-like ventricle from cerebral organoid","58 days","iPSC 409B2"
"58d_A11_hOrg_iPSC_reg4","Homo sapiens","ventral progenitor","Microdissected cortical-like ventricle from cerebral organoid","58 days","iPSC 409B2"
"58d_A4_hOrg_iPSC_reg4","Homo sapiens","neuron","Microdissected cortical-like ventricle from cerebral organoid","58 days","iPSC 409B2"
"58d_A5_hOrg_iPSC_reg3","Homo sapiens","dosal cortex progenitor","Microdissected cortical-like ventricle from cerebral organoid","58 days","iPSC 409B2"
"58d_A6_hOrg_iPSC_reg4","Homo sapiens","Unknown","Microdissected cortical-like ventricle from cerebral organoid","58 days","iPSC 409B2"
"58d_A8_hOrg_iPSC_reg3","Homo sapiens","dosal cortex neuron","Microdissected cortical-like ventricle from cerebral organoid","58 days","iPSC 409B2"
"58d_B1_hOrg_iPSC_reg3","Homo sapiens","dosal cortex progenitor","Microdissected cortical-like ventricle from cerebral organoid","58 days","iPSC 409B2"
"58d_B10_hOrg_iPSC_reg3","Homo sapiens","dosal cortex progenitor","Microdissected cortical-like ventricle from cerebral organoid","58 days","iPSC 409B2"
"58d_B10_hOrg_iPSC_reg4","Homo sapiens","neuron","Microdissected cortical-like ventricle from cerebral organoid","58 days","iPSC 409B2"
"58d_B11_hOrg_iPSC_reg3","Homo sapiens","Unknown","Microdissected cortical-like ventricle from cerebral organoid","58 days","iPSC 409B2"
"58d_B12_hOrg_iPSC_reg3","Homo sapiens","dosal cortex progenitor","Microdissected cortical-like ventricle from cerebral organoid","58 days","iPSC 409B2"
"58d_B12_hOrg_iPSC_reg4","Homo sapiens","Unknown","Microdissected cortical-like ventricle from cerebral organoid","58 days","iPSC 409B2"
"58d_B2_hOrg_iPSC_reg3","Homo sapiens","dosal cortex progenitor","Microdissected cortical-like ventricle from cerebral organoid","58 days","iPSC 409B2"
"58d_B2_hOrg_iPSC_reg4","Homo sapiens","neuron","Microdissected cortical-like ventricle from cerebral organoid","58 days","iPSC 409B2"
"58d_B3_hOrg_iPSC_reg3","Homo sapiens","dosal cortex progenitor","Microdissected cortical-like ventricle from cerebral organoid","58 days","iPSC 409B2"
"58d_B4_hOrg_iPSC_reg4","Homo sapiens","Unknown","Microdissected cortical-like ventricle from cerebral organoid","58 days","iPSC 409B2"
"58d_B5_hOrg_iPSC_reg3","Homo sapiens","Unknown","Microdissected cortical-like ventricle from cerebral organoid","58 days","iPSC 409B2"
"58d_B8_hOrg_iPSC_reg3","Homo sapiens","dosal cortex neuron","Microdissected cortical-like ventricle from cerebral organoid","58 days","iPSC 409B2"
"58d_B8_hOrg_iPSC_reg4","Homo sapiens","Unknown","Microdissected cortical-like ventricle from cerebral organoid","58 days","iPSC 409B2"
"58d_B9_hOrg_iPSC_reg3","Homo sapiens","dosal cortex progenitor","Microdissected cortical-like ventricle from cerebral organoid","58 days","iPSC 409B2"
"58d_C1_hOrg_iPSC_reg3","Homo sapiens","dosal cortex progenitor","Microdissected cortical-like ventricle from cerebral organoid","58 days","iPSC 409B2"
"58d_C11_hOrg_iPSC_reg3","Homo sapiens","Unknown","Microdissected cortical-like ventricle from cerebral organoid","58 days","iPSC 409B2"
"58d_C11_hOrg_iPSC_reg4","Homo sapiens","neuron","Microdissected cortical-like ventricle from cerebral organoid","58 days","iPSC 409B2"
"58d_C12_hOrg_iPSC_reg3","Homo sapiens","dosal cortex progenitor","Microdissected cortical-like ventricle from cerebral organoid","58 days","iPSC 409B2"
"58d_C12_hOrg_iPSC_reg4","Homo sapiens","neuron","Microdissected cortical-like ventricle from cerebral organoid","58 days","iPSC 409B2"
"58d_C4_hOrg_iPSC_reg3","Homo sapiens","Unknown","Microdissected cortical-like ventricle from cerebral organoid","58 days","iPSC 409B2"
"58d_C4_hOrg_iPSC_reg4","Homo sapiens","Unknown","Microdissected cortical-like ventricle from cerebral organoid","58 days","iPSC 409B2"
"58d_C5_hOrg_iPSC_reg3","Homo sapiens","Unknown","Microdissected cortical-like ventricle from cerebral organoid","58 days","iPSC 409B2"
"58d_C6_hOrg_iPSC_reg3","Homo sapiens","dosal cortex progenitor","Microdissected cortical-like ventricle from cerebral organoid","58 days","iPSC 409B2"
"58d_C7_hOrg_iPSC_reg3","Homo sapiens","dosal cortex progenitor","Microdissected cortical-like ventricle from cerebral organoid","58 days","iPSC 409B2"
"58d_C7_hOrg_iPSC_reg4","Homo sapiens","neuron","Microdissected cortical-like ventricle from cerebral organoid","58 days","iPSC 409B2"
"58d_C8_hOrg_iPSC_reg3","Homo sapiens","Unknown","Microdissected cortical-like ventricle from cerebral organoid","58 days","iPSC 409B2"
"58d_C8_hOrg_iPSC_reg4","Homo sapiens","neuron","Microdissected cortical-like ventricle from cerebral organoid","58 days","iPSC 409B2"
"58d_D10_hOrg_iPSC_reg3","Homo sapiens","Unknown","Microdissected cortical-like ventricle from cerebral organoid","58 days","iPSC 409B2"
"58d_D11_hOrg_iPSC_reg3","Homo sapiens","dosal cortex neuron","Microdissected cortical-like ventricle from cerebral organoid","58 days","iPSC 409B2"
"58d_D12_hOrg_iPSC_reg4","Homo sapiens","Unknown","Microdissected cortical-like ventricle from cerebral organoid","58 days","iPSC 409B2"
"58d_D4_hOrg_iPSC_reg4","Homo sapiens","Unknown","Microdissected cortical-like ventricle from cerebral organoid","58 days","iPSC 409B2"
"58d_D7_hOrg_iPSC_reg4","Homo sapiens","Unknown","Microdissected cortical-like ventricle from cerebral organoid","58 days","iPSC 409B2"
"58d_D8_hOrg_iPSC_reg3","Homo sapiens","dosal cortex neuron","Microdissected cortical-like ventricle from cerebral organoid","58 days","iPSC 409B2"
"58d_D9_hOrg_iPSC_reg3","Homo sapiens","Unknown","Microdissected cortical-like ventricle from cerebral organoid","58 days","iPSC 409B2"
"58d_E10_hOrg_iPSC_reg4","Homo sapiens","Unknown","Microdissected cortical-like ventricle from cerebral organoid","58 days","iPSC 409B2"
"58d_E2_hOrg_iPSC_reg3","Homo sapiens","Unknown","Microdissected cortical-like ventricle from cerebral organoid","58 days","iPSC 409B2"
"58d_E2_hOrg_iPSC_reg4","Homo sapiens","Unknown","Microdissected cortical-like ventricle from cerebral organoid","58 days","iPSC 409B2"
"58d_E3_hOrg_iPSC_reg3","Homo sapiens","dosal cortex neuron","Microdissected cortical-like ventricle from cerebral organoid","58 days","iPSC 409B2"
"58d_E3_hOrg_iPSC_reg4","Homo sapiens","Unknown","Microdissected cortical-like ventricle from cerebral organoid","58 days","iPSC 409B2"
"58d_E4_hOrg_iPSC_reg3","Homo sapiens","dosal cortex progenitor","Microdissected cortical-like ventricle from cerebral organoid","58 days","iPSC 409B2"
"58d_E5_hOrg_iPSC_reg3","Homo sapiens","Unknown","Microdissected cortical-like ventricle from cerebral organoid","58 days","iPSC 409B2"
"58d_E5_hOrg_iPSC_reg4","Homo sapiens","Unknown","Microdissected cortical-like ventricle from cerebral organoid","58 days","iPSC 409B2"
"58d_E6_hOrg_iPSC_reg4","Homo sapiens","Unknown","Microdissected cortical-like ventricle from cerebral organoid","58 days","iPSC 409B2"
"58d_E7_hOrg_iPSC_reg3","Homo sapiens","dosal cortex progenitor","Microdissected cortical-like ventricle from cerebral organoid","58 days","iPSC 409B2"
"58d_E8_hOrg_iPSC_reg3","Homo sapiens","dosal cortex neuron","Microdissected cortical-like ventricle from cerebral organoid","58 days","iPSC 409B2"
"58d_E9_hOrg_iPSC_reg3","Homo sapiens","dosal cortex neuron","Microdissected cortical-like ventricle from cerebral organoid","58 days","iPSC 409B2"
"58d_E9_hOrg_iPSC_reg4","Homo sapiens","neuron","Microdissected cortical-like ventricle from cerebral organoid","58 days","iPSC 409B2"
"58d_F1_hOrg_iPSC_reg3","Homo sapiens","Unknown","Microdissected cortical-like ventricle from cerebral organoid","58 days","iPSC 409B2"
"58d_F10_hOrg_iPSC_reg3","Homo sapiens","dosal cortex progenitor","Microdissected cortical-like ventricle from cerebral organoid","58 days","iPSC 409B2"
"58d_F10_hOrg_iPSC_reg4","Homo sapiens","neuron","Microdissected cortical-like ventricle from cerebral organoid","58 days","iPSC 409B2"
"58d_F12_hOrg_iPSC_reg4","Homo sapiens","neuron","Microdissected cortical-like ventricle from cerebral organoid","58 days","iPSC 409B2"
"58d_F3_hOrg_iPSC_reg3","Homo sapiens","dosal cortex progenitor","Microdissected cortical-like ventricle from cerebral organoid","58 days","iPSC 409B2"
"58d_F5_hOrg_iPSC_reg4","Homo sapiens","neuron","Microdissected cortical-like ventricle from cerebral organoid","58 days","iPSC 409B2"
"58d_F7_hOrg_iPSC_reg3","Homo sapiens","dosal cortex neuron","Microdissected cortical-like ventricle from cerebral organoid","58 days","iPSC 409B2"
"58d_F8_hOrg_iPSC_reg4","Homo sapiens","neuron","Microdissected cortical-like ventricle from cerebral organoid","58 days","iPSC 409B2"
"58d_G10_hOrg_iPSC_reg4","Homo sapiens","Unknown","Microdissected cortical-like ventricle from cerebral organoid","58 days","iPSC 409B2"
"58d_G12_hOrg_iPSC_reg3","Homo sapiens","Unknown","Microdissected cortical-like ventricle from cerebral organoid","58 days","iPSC 409B2"
"58d_G12_hOrg_iPSC_reg4","Homo sapiens","neuron","Microdissected cortical-like ventricle from cerebral organoid","58 days","iPSC 409B2"
"58d_G3_hOrg_iPSC_reg3","Homo sapiens","dosal cortex neuron","Microdissected cortical-like ventricle from cerebral organoid","58 days","iPSC 409B2"
"58d_G4_hOrg_iPSC_reg3","Homo sapiens","Unknown","Microdissected cortical-like ventricle from cerebral organoid","58 days","iPSC 409B2"
"58d_G4_hOrg_iPSC_reg4","Homo sapiens","neuron","Microdissected cortical-like ventricle from cerebral organoid","58 days","iPSC 409B2"
"58d_G7_hOrg_iPSC_reg4","Homo sapiens","neuron","Microdissected cortical-like ventricle from cerebral organoid","58 days","iPSC 409B2"
"58d_G8_hOrg_iPSC_reg4","Homo sapiens","neuron","Microdissected cortical-like ventricle from cerebral organoid","58 days","iPSC 409B2"
"58d_G9_hOrg_iPSC_reg3","Homo sapiens","dosal cortex neuron","Microdissected cortical-like ventricle from cerebral organoid","58 days","iPSC 409B2"
"58d_G9_hOrg_iPSC_reg4","Homo sapiens","neuron","Microdissected cortical-like ventricle from cerebral organoid","58 days","iPSC 409B2"
"58d_H10_hOrg_iPSC_reg3","Homo sapiens","dosal cortex progenitor","Microdissected cortical-like ventricle from cerebral organoid","58 days","iPSC 409B2"
"58d_H11_hOrg_iPSC_reg3","Homo sapiens","dosal cortex progenitor","Microdissected cortical-like ventricle from cerebral organoid","58 days","iPSC 409B2"
"58d_H11_hOrg_iPSC_reg4","Homo sapiens","neuron","Microdissected cortical-like ventricle from cerebral organoid","58 days","iPSC 409B2"
"58d_H12_hOrg_iPSC_reg3","Homo sapiens","dosal cortex progenitor","Microdissected cortical-like ventricle from cerebral organoid","58 days","iPSC 409B2"
"58d_H3_hOrg_iPSC_reg4","Homo sapiens","neuron","Microdissected cortical-like ventricle from cerebral organoid","58 days","iPSC 409B2"
"58d_H9_hOrg_iPSC_reg3","Homo sapiens","dosal cortex progenitor","Microdissected cortical-like ventricle from cerebral organoid","58 days","iPSC 409B2"
"58d_H9_hOrg_iPSC_reg4","Homo sapiens","Unknown","Microdissected cortical-like ventricle from cerebral organoid","58 days","iPSC 409B2"
"A1_hOrg35d","Homo sapiens","ventral progenitor","Dissociated whole cerebral organoid","35 days","iPSC 409B2"
"A1_hOrg37d","Homo sapiens","ventral progenitor","Dissociated whole cerebral organoid","37 days","iPSC 409B2"
"A1_hOrg41d","Homo sapiens","Unknown","Dissociated whole cerebral organoid","41 days","iPSC 409B2"
"A1_hOrg65d","Homo sapiens","Unknown","Dissociated whole cerebral organoid","65 days","iPSC 409B2"
"A10_hOrg35d","Homo sapiens","ventral progenitor","Dissociated whole cerebral organoid","35 days","iPSC 409B2"
"A10_hOrg37d","Homo sapiens","ventral progenitor","Dissociated whole cerebral organoid","37 days","iPSC 409B2"
"A10_hOrg41d","Homo sapiens","dosal cortex progenitor","Dissociated whole cerebral organoid","41 days","iPSC 409B2"
"A10_hOrg65d","Homo sapiens","dosal cortex neuron","Dissociated whole cerebral organoid","65 days","iPSC 409B2"
"A11_hOrg35d","Homo sapiens","ventral progenitor","Dissociated whole cerebral organoid","35 days","iPSC 409B2"
"A11_hOrg37d","Homo sapiens","ventral progenitor","Dissociated whole cerebral organoid","37 days","iPSC 409B2"
"A11_hOrg65d","Homo sapiens","neuron","Dissociated whole cerebral organoid","65 days","iPSC 409B2"
"A12_hOrg37d","Homo sapiens","ventral progenitor","Dissociated whole cerebral organoid","37 days","iPSC 409B2"
"A12_hOrg65d","Homo sapiens","neuron","Dissociated whole cerebral organoid","65 days","iPSC 409B2"
"A2_hOrg35d","Homo sapiens","ventral progenitor","Dissociated whole cerebral organoid","35 days","iPSC 409B2"
"A2_hOrg37d","Homo sapiens","Unknown","Dissociated whole cerebral organoid","37 days","iPSC 409B2"
"A2_hOrg41d","Homo sapiens","dosal cortex progenitor","Dissociated whole cerebral organoid","41 days","iPSC 409B2"
"A2_hOrg65d","Homo sapiens","Unknown","Dissociated whole cerebral organoid","65 days","iPSC 409B2"
"A3_hOrg35d","Homo sapiens","Unknown","Dissociated whole cerebral organoid","35 days","iPSC 409B2"
"A3_hOrg37d","Homo sapiens","Unknown","Dissociated whole cerebral organoid","37 days","iPSC 409B2"
"A3_hOrg41d","Homo sapiens","Unknown","Dissociated whole cerebral organoid","41 days","iPSC 409B2"
"A4_hOrg35d","Homo sapiens","ventral progenitor","Dissociated whole cerebral organoid","35 days","iPSC 409B2"
"A4_hOrg37d","Homo sapiens","Unknown","Dissociated whole cerebral organoid","37 days","iPSC 409B2"
"A4_hOrg41d","Homo sapiens","dosal cortex progenitor","Dissociated whole cerebral organoid","41 days","iPSC 409B2"
"A4_hOrg65d","Homo sapiens","Unknown","Dissociated whole cerebral organoid","65 days","iPSC 409B2"
"A5_hOrg35d","Homo sapiens","ventral progenitor","Dissociated whole cerebral organoid","35 days","iPSC 409B2"
"A5_hOrg41d","Homo sapiens","mesenchyme","Dissociated whole cerebral organoid","41 days","iPSC 409B2"
"A5_hOrg65d","Homo sapiens","dosal cortex neuron","Dissociated whole cerebral organoid","65 days","iPSC 409B2"
"A6_hOrg35d","Homo sapiens","ventral progenitor","Dissociated whole cerebral organoid","35 days","iPSC 409B2"
"A6_hOrg37d","Homo sapiens","Unknown","Dissociated whole cerebral organoid","37 days","iPSC 409B2"
"A6_hOrg41d","Homo sapiens","dosal cortex progenitor","Dissociated whole cerebral organoid","41 days","iPSC 409B2"
"A6_hOrg65d","Homo sapiens","dosal cortex progenitor","Dissociated whole cerebral organoid","65 days","iPSC 409B2"
"A7_hOrg35d","Homo sapiens","ventral progenitor","Dissociated whole cerebral organoid","35 days","iPSC 409B2"
"A7_hOrg37d","Homo sapiens","ventral progenitor","Dissociated whole cerebral organoid","37 days","iPSC 409B2"
"A7_hOrg41d","Homo sapiens","dosal cortex progenitor","Dissociated whole cerebral organoid","41 days","iPSC 409B2"
"A7_hOrg65d","Homo sapiens","mesenchyme","Dissociated whole cerebral organoid","65 days","iPSC 409B2"
"A8_hOrg35d","Homo sapiens","ventral progenitor","Dissociated whole cerebral organoid","35 days","iPSC 409B2"
"A8_hOrg37d","Homo sapiens","ventral progenitor","Dissociated whole cerebral organoid","37 days","iPSC 409B2"
"A8_hOrg41d","Homo sapiens","ventral progenitor","Dissociated whole cerebral organoid","41 days","iPSC 409B2"
"A8_hOrg65d","Homo sapiens","Unknown","Dissociated whole cerebral organoid","65 days","iPSC 409B2"
"A9_hOrg35d","Homo sapiens","ventral progenitor","Dissociated whole cerebral organoid","35 days","iPSC 409B2"
"A9_hOrg37d","Homo sapiens","Unknown","Dissociated whole cerebral organoid","37 days","iPSC 409B2"
"A9_hOrg65d","Homo sapiens","Unknown","Dissociated whole cerebral organoid","65 days","iPSC 409B2"
"B1_c2_hOrg33d","Homo sapiens","ventral progenitor","Dissociated whole cerebral organoid","33 days","iPSC 409B2"
"B1_hOrg35d","Homo sapiens","ventral progenitor","Dissociated whole cerebral organoid","35 days","iPSC 409B2"
"B1_hOrg41d","Homo sapiens","mesenchyme","Dissociated whole cerebral organoid","41 days","iPSC 409B2"
"B1_hOrg65d","Homo sapiens","Unknown","Dissociated whole cerebral organoid","65 days","iPSC 409B2"
"B10_hOrg35d","Homo sapiens","ventral progenitor","Dissociated whole cerebral organoid","35 days","iPSC 409B2"
"B10_hOrg37d","Homo sapiens","Unknown","Dissociated whole cerebral organoid","37 days","iPSC 409B2"
"B10_hOrg41d","Homo sapiens","mesenchyme","Dissociated whole cerebral organoid","41 days","iPSC 409B2"
"B10_hOrg65d","Homo sapiens","dosal cortex progenitor","Dissociated whole cerebral organoid","65 days","iPSC 409B2"
"B11_hOrg35d","Homo sapiens","Unknown","Dissociated whole cerebral organoid","35 days","iPSC 409B2"
"B11_hOrg37d","Homo sapiens","ventral progenitor","Dissociated whole cerebral organoid","37 days","iPSC 409B2"
"B11_hOrg41d","Homo sapiens","mesenchyme","Dissociated whole cerebral organoid","41 days","iPSC 409B2"
"B11_hOrg65d","Homo sapiens","neuron","Dissociated whole cerebral organoid","65 days","iPSC 409B2"
"B12_c2_hOrg33d","Homo sapiens","ventral progenitor","Dissociated whole cerebral organoid","33 days","iPSC 409B2"
"B12_hOrg35d","Homo sapiens","ventral progenitor","Dissociated whole cerebral organoid","35 days","iPSC 409B2"
"B12_hOrg65d","Homo sapiens","Unknown","Dissociated whole cerebral organoid","65 days","iPSC 409B2"
"B2_hOrg35d","Homo sapiens","ventral progenitor","Dissociated whole cerebral organoid","35 days","iPSC 409B2"
"B2_hOrg37d","Homo sapiens","Unknown","Dissociated whole cerebral organoid","37 days","iPSC 409B2"
"B3_hOrg35d","Homo sapiens","ventral progenitor","Dissociated whole cerebral organoid","35 days","iPSC 409B2"
"B3_hOrg37d","Homo sapiens","Unknown","Dissociated whole cerebral organoid","37 days","iPSC 409B2"
"B3_hOrg41d","Homo sapiens","Unknown","Dissociated whole cerebral organoid","41 days","iPSC 409B2"
"B3_hOrg65d","Homo sapiens","mesenchyme","Dissociated whole cerebral organoid","65 days","iPSC 409B2"
"B4_hOrg35d","Homo sapiens","ventral progenitor","Dissociated whole cerebral organoid","35 days","iPSC 409B2"
"B4_hOrg37d","Homo sapiens","Unknown","Dissociated whole cerebral organoid","37 days","iPSC 409B2"
"B4_hOrg41d","Homo sapiens","neuron","Dissociated whole cerebral organoid","41 days","iPSC 409B2"
"B4_hOrg65d","Homo sapiens","Unknown","Dissociated whole cerebral organoid","65 days","iPSC 409B2"
"B5_hOrg35d","Homo sapiens","ventral progenitor","Dissociated whole cerebral organoid","35 days","iPSC 409B2"
"B5_hOrg37d","Homo sapiens","Unknown","Dissociated whole cerebral organoid","37 days","iPSC 409B2"
"B5_hOrg41d","Homo sapiens","dosal cortex progenitor","Dissociated whole cerebral organoid","41 days","iPSC 409B2"
"B5_hOrg65d","Homo sapiens","Unknown","Dissociated whole cerebral organoid","65 days","iPSC 409B2"
"B6_c2_hOrg33d","Homo sapiens","ventral progenitor","Dissociated whole cerebral organoid","33 days","iPSC 409B2"
"B6_hOrg35d","Homo sapiens","ventral progenitor","Dissociated whole cerebral organoid","35 days","iPSC 409B2"
"B6_hOrg41d","Homo sapiens","mesenchyme","Dissociated whole cerebral organoid","41 days","iPSC 409B2"
"B6_hOrg65d","Homo sapiens","Unknown","Dissociated whole cerebral organoid","65 days","iPSC 409B2"
"B7_c2_hOrg33d","Homo sapiens","ventral progenitor","Dissociated whole cerebral organoid","33 days","iPSC 409B2"
"B7_hOrg35d","Homo sapiens","ventral progenitor","Dissociated whole cerebral organoid","35 days","iPSC 409B2"
"B7_hOrg65d","Homo sapiens","Unknown","Dissociated whole cerebral organoid","65 days","iPSC 409B2"
"B8_hOrg35d","Homo sapiens","ventral progenitor","Dissociated whole cerebral organoid","35 days","iPSC 409B2"
"B8_hOrg37d","Homo sapiens","ventral progenitor","Dissociated whole cerebral organoid","37 days","iPSC 409B2"
"B8_hOrg41d","Homo sapiens","Unknown","Dissociated whole cerebral organoid","41 days","iPSC 409B2"
"B9_hOrg35d","Homo sapiens","ventral progenitor","Dissociated whole cerebral organoid","35 days","iPSC 409B2"
"B9_hOrg37d","Homo sapiens","Unknown","Dissociated whole cerebral organoid","37 days","iPSC 409B2"
"B9_hOrg41d","Homo sapiens","mesenchyme","Dissociated whole cerebral organoid","41 days","iPSC 409B2"
"B9_hOrg65d","Homo sapiens","Unknown","Dissociated whole cerebral organoid","65 days","iPSC 409B2"
"c1_G1_hOrg33d","Homo sapiens","ventral progenitor","Dissociated whole cerebral organoid","33 days","iPSC 409B2"
"c1_G10_hOrg33d","Homo sapiens","ventral progenitor","Dissociated whole cerebral organoid","33 days","iPSC 409B2"
"c1_G11_hOrg33d","Homo sapiens","ventral progenitor","Dissociated whole cerebral organoid","33 days","iPSC 409B2"
"c1_G12_hOrg33d","Homo sapiens","ventral progenitor","Dissociated whole cerebral organoid","33 days","iPSC 409B2"
"c1_G2_hOrg33d","Homo sapiens","ventral progenitor","Dissociated whole cerebral organoid","33 days","iPSC 409B2"
"c1_G3_hOrg33d","Homo sapiens","ventral progenitor","Dissociated whole cerebral organoid","33 days","iPSC 409B2"
"c1_G4_hOrg33d","Homo sapiens","ventral progenitor","Dissociated whole cerebral organoid","33 days","iPSC 409B2"
"c1_G5_hOrg33d","Homo sapiens","ventral progenitor","Dissociated whole cerebral organoid","33 days","iPSC 409B2"
"c1_G6_hOrg33d","Homo sapiens","ventral progenitor","Dissociated whole cerebral organoid","33 days","iPSC 409B2"
"c1_G7_hOrg33d","Homo sapiens","ventral progenitor","Dissociated whole cerebral organoid","33 days","iPSC 409B2"
"c1_G8_hOrg33d","Homo sapiens","ventral progenitor","Dissociated whole cerebral organoid","33 days","iPSC 409B2"
"c1_G9_hOrg33d","Homo sapiens","ventral progenitor","Dissociated whole cerebral organoid","33 days","iPSC 409B2"
"c1_H1_hOrg33d","Homo sapiens","ventral progenitor","Dissociated whole cerebral organoid","33 days","iPSC 409B2"
"c1_H10_hOrg33d","Homo sapiens","Unknown","Dissociated whole cerebral organoid","33 days","iPSC 409B2"
"c1_H11_hOrg33d","Homo sapiens","ventral progenitor","Dissociated whole cerebral organoid","33 days","iPSC 409B2"
"c1_H12_hOrg33d","Homo sapiens","ventral progenitor","Dissociated whole cerebral organoid","33 days","iPSC 409B2"
"c1_H2_hOrg33d","Homo sapiens","ventral progenitor","Dissociated whole cerebral organoid","33 days","iPSC 409B2"
"c1_H3_hOrg33d","Homo sapiens","ventral progenitor","Dissociated whole cerebral organoid","33 days","iPSC 409B2"
"c1_H4_hOrg33d","Homo sapiens","ventral progenitor","Dissociated whole cerebral organoid","33 days","iPSC 409B2"
"c1_H5_hOrg33d","Homo sapiens","ventral progenitor","Dissociated whole cerebral organoid","33 days","iPSC 409B2"
"c1_H6_hOrg33d","Homo sapiens","ventral progenitor","Dissociated whole cerebral organoid","33 days","iPSC 409B2"
"c1_H7_hOrg33d","Homo sapiens","ventral progenitor","Dissociated whole cerebral organoid","33 days","iPSC 409B2"
"c1_H8_hOrg33d","Homo sapiens","ventral progenitor","Dissociated whole cerebral organoid","33 days","iPSC 409B2"
"c1_H9_hOrg33d","Homo sapiens","ventral progenitor","Dissociated whole cerebral organoid","33 days","iPSC 409B2"
"C1_hOrg35d","Homo sapiens","ventral progenitor","Dissociated whole cerebral organoid","35 days","iPSC 409B2"
"C1_hOrg37d","Homo sapiens","ventral progenitor","Dissociated whole cerebral organoid","37 days","iPSC 409B2"
"C1_hOrg41d","Homo sapiens","Unknown","Dissociated whole cerebral organoid","41 days","iPSC 409B2"
"C1_hOrg65d","Homo sapiens","dosal cortex neuron","Dissociated whole cerebral organoid","65 days","iPSC 409B2"
"C10_c2_hOrg33d","Homo sapiens","Unknown","Dissociated whole cerebral organoid","33 days","iPSC 409B2"
"C10_hOrg35d","Homo sapiens","Unknown","Dissociated whole cerebral organoid","35 days","iPSC 409B2"
"C10_hOrg41d","Homo sapiens","Unknown","Dissociated whole cerebral organoid","41 days","iPSC 409B2"
"C10_hOrg65d","Homo sapiens","neuron","Dissociated whole cerebral organoid","65 days","iPSC 409B2"
"C11_c2_hOrg33d","Homo sapiens","ventral progenitor","Dissociated whole cerebral organoid","33 days","iPSC 409B2"
"C11_hOrg35d","Homo sapiens","ventral progenitor","Dissociated whole cerebral organoid","35 days","iPSC 409B2"
"C11_hOrg65d","Homo sapiens","Unknown","Dissociated whole cerebral organoid","65 days","iPSC 409B2"
"C12_hOrg35d","Homo sapiens","ventral progenitor","Dissociated whole cerebral organoid","35 days","iPSC 409B2"
"C12_hOrg37d","Homo sapiens","ventral progenitor","Dissociated whole cerebral organoid","37 days","iPSC 409B2"
"C12_hOrg41d","Homo sapiens","ventral progenitor","Dissociated whole cerebral organoid","41 days","iPSC 409B2"
"C12_hOrg65d","Homo sapiens","dosal cortex neuron","Dissociated whole cerebral organoid","65 days","iPSC 409B2"
"c2_C8_hOrg33d","Homo sapiens","ventral progenitor","Dissociated whole cerebral organoid","33 days","iPSC 409B2"
"c2_D2_hOrg33d","Homo sapiens","neuron","Dissociated whole cerebral organoid","33 days","iPSC 409B2"
"c2_F1_hOrg33d","Homo sapiens","ventral progenitor","Dissociated whole cerebral organoid","33 days","iPSC 409B2"
"c2_F6_hOrg33d","Homo sapiens","ventral progenitor","Dissociated whole cerebral organoid","33 days","iPSC 409B2"
"c2_G6_hOrg33d","Homo sapiens","ventral progenitor","Dissociated whole cerebral organoid","33 days","iPSC 409B2"
"c2_G7_hOrg33d","Homo sapiens","ventral progenitor","Dissociated whole cerebral organoid","33 days","iPSC 409B2"
"c2_G8_hOrg33d","Homo sapiens","Unknown","Dissociated whole cerebral organoid","33 days","iPSC 409B2"
"c2_H1_hOrg33d","Homo sapiens","ventral progenitor","Dissociated whole cerebral organoid","33 days","iPSC 409B2"
"c2_H2_hOrg33d","Homo sapiens","ventral progenitor","Dissociated whole cerebral organoid","33 days","iPSC 409B2"
"c2_H6_hOrg33d","Homo sapiens","ventral progenitor","Dissociated whole cerebral organoid","33 days","iPSC 409B2"
"C2_hOrg35d","Homo sapiens","Unknown","Dissociated whole cerebral organoid","35 days","iPSC 409B2"
"C2_hOrg37d","Homo sapiens","ventral progenitor","Dissociated whole cerebral organoid","37 days","iPSC 409B2"
"C2_hOrg41d","Homo sapiens","ventral progenitor","Dissociated whole cerebral organoid","41 days","iPSC 409B2"
"C2_hOrg65d","Homo sapiens","dosal cortex neuron","Dissociated whole cerebral organoid","65 days","iPSC 409B2"
"C3_hOrg35d","Homo sapiens","Unknown","Dissociated whole cerebral organoid","35 days","iPSC 409B2"
"C3_hOrg37d","Homo sapiens","ventral progenitor","Dissociated whole cerebral organoid","37 days","iPSC 409B2"
"C3_hOrg41d","Homo sapiens","dosal cortex neuron","Dissociated whole cerebral organoid","41 days","iPSC 409B2"
"C3_hOrg65d","Homo sapiens","Unknown","Dissociated whole cerebral organoid","65 days","iPSC 409B2"
"C4_hOrg37d","Homo sapiens","ventral progenitor","Dissociated whole cerebral organoid","37 days","iPSC 409B2"
"C4_hOrg65d","Homo sapiens","Unknown","Dissociated whole cerebral organoid","65 days","iPSC 409B2"
"C5_hOrg35d","Homo sapiens","ventral progenitor","Dissociated whole cerebral organoid","35 days","iPSC 409B2"
"C5_hOrg37d","Homo sapiens","ventral progenitor","Dissociated whole cerebral organoid","37 days","iPSC 409B2"
"C5_hOrg41d","Homo sapiens","Unknown","Dissociated whole cerebral organoid","41 days","iPSC 409B2"
"C5_hOrg65d","Homo sapiens","Unknown","Dissociated whole cerebral organoid","65 days","iPSC 409B2"
"C6_hOrg35d","Homo sapiens","ventral progenitor","Dissociated whole cerebral organoid","35 days","iPSC 409B2"
"C6_hOrg37d","Homo sapiens","Unknown","Dissociated whole cerebral organoid","37 days","iPSC 409B2"
"C6_hOrg41d","Homo sapiens","mesenchyme","Dissociated whole cerebral organoid","41 days","iPSC 409B2"
"C6_hOrg65d","Homo sapiens","Unknown","Dissociated whole cerebral organoid","65 days","iPSC 409B2"
"C7_hOrg35d","Homo sapiens","ventral progenitor","Dissociated whole cerebral organoid","35 days","iPSC 409B2"
"C7_hOrg37d","Homo sapiens","ventral progenitor","Dissociated whole cerebral organoid","37 days","iPSC 409B2"
"C7_hOrg41d","Homo sapiens","Unknown","Dissociated whole cerebral organoid","41 days","iPSC 409B2"
"C7_hOrg65d","Homo sapiens","Unknown","Dissociated whole cerebral organoid","65 days","iPSC 409B2"
"C8_hOrg35d","Homo sapiens","ventral progenitor","Dissociated whole cerebral organoid","35 days","iPSC 409B2"
"C8_hOrg41d","Homo sapiens","Unknown","Dissociated whole cerebral organoid","41 days","iPSC 409B2"
"C8_hOrg65d","Homo sapiens","Unknown","Dissociated whole cerebral organoid","65 days","iPSC 409B2"
"C9_hOrg35d","Homo sapiens","Unknown","Dissociated whole cerebral organoid","35 days","iPSC 409B2"
"C9_hOrg37d","Homo sapiens","neuron","Dissociated whole cerebral organoid","37 days","iPSC 409B2"
"C9_hOrg41d","Homo sapiens","Unknown","Dissociated whole cerebral organoid","41 days","iPSC 409B2"
"C9_hOrg65d","Homo sapiens","Unknown","Dissociated whole cerebral organoid","65 days","iPSC 409B2"
"D1_hOrg35d","Homo sapiens","ventral progenitor","Dissociated whole cerebral organoid","35 days","iPSC 409B2"
"D1_hOrg37d","Homo sapiens","ventral progenitor","Dissociated whole cerebral organoid","37 days","iPSC 409B2"
"D1_hOrg41d","Homo sapiens","Unknown","Dissociated whole cerebral organoid","41 days","iPSC 409B2"
"D1_hOrg65d","Homo sapiens","dosal cortex neuron","Dissociated whole cerebral organoid","65 days","iPSC 409B2"
"D10_hOrg41d","Homo sapiens","dosal cortex neuron","Dissociated whole cerebral organoid","41 days","iPSC 409B2"
"D10_hOrg65d","Homo sapiens","Unknown","Dissociated whole cerebral organoid","65 days","iPSC 409B2"
"D11_hOrg35d","Homo sapiens","ventral progenitor","Dissociated whole cerebral organoid","35 days","iPSC 409B2"
"D11_hOrg37d","Homo sapiens","ventral progenitor","Dissociated whole cerebral organoid","37 days","iPSC 409B2"
"D11_hOrg41d","Homo sapiens","dosal cortex progenitor","Dissociated whole cerebral organoid","41 days","iPSC 409B2"
"D11_hOrg65d","Homo sapiens","Unknown","Dissociated whole cerebral organoid","65 days","iPSC 409B2"
"D12_hOrg35d","Homo sapiens","ventral progenitor","Dissociated whole cerebral organoid","35 days","iPSC 409B2"
"D12_hOrg37d","Homo sapiens","ventral progenitor","Dissociated whole cerebral organoid","37 days","iPSC 409B2"
"D12_hOrg41d","Homo sapiens","neuron","Dissociated whole cerebral organoid","41 days","iPSC 409B2"
"D12_hOrg65d","Homo sapiens","Unknown","Dissociated whole cerebral organoid","65 days","iPSC 409B2"
"D2_hOrg35d","Homo sapiens","ventral progenitor","Dissociated whole cerebral organoid","35 days","iPSC 409B2"
"D2_hOrg41d","Homo sapiens","mesenchyme","Dissociated whole cerebral organoid","41 days","iPSC 409B2"
"D2_hOrg65d","Homo sapiens","dosal cortex neuron","Dissociated whole cerebral organoid","65 days","iPSC 409B2"
"D3_hOrg35d","Homo sapiens","ventral progenitor","Dissociated whole cerebral organoid","35 days","iPSC 409B2"
"D3_hOrg37d","Homo sapiens","Unknown","Dissociated whole cerebral organoid","37 days","iPSC 409B2"
"D3_hOrg41d","Homo sapiens","mesenchyme","Dissociated whole cerebral organoid","41 days","iPSC 409B2"
"D3_hOrg65d","Homo sapiens","neuron","Dissociated whole cerebral organoid","65 days","iPSC 409B2"
"D4_hOrg35d","Homo sapiens","ventral progenitor","Dissociated whole cerebral organoid","35 days","iPSC 409B2"
"D4_hOrg37d","Homo sapiens","ventral progenitor","Dissociated whole cerebral organoid","37 days","iPSC 409B2"
"D4_hOrg41d","Homo sapiens","dosal cortex neuron","Dissociated whole cerebral organoid","41 days","iPSC 409B2"
"D4_hOrg65d","Homo sapiens","Unknown","Dissociated whole cerebral organoid","65 days","iPSC 409B2"
"D5_hOrg35d","Homo sapiens","ventral progenitor","Dissociated whole cerebral organoid","35 days","iPSC 409B2"
"D5_hOrg37d","Homo sapiens","ventral progenitor","Dissociated whole cerebral organoid","37 days","iPSC 409B2"
"D5_hOrg41d","Homo sapiens","Unknown","Dissociated whole cerebral organoid","41 days","iPSC 409B2"
"D6_hOrg35d","Homo sapiens","ventral progenitor","Dissociated whole cerebral organoid","35 days","iPSC 409B2"
"D6_hOrg41d","Homo sapiens","Unknown","Dissociated whole cerebral organoid","41 days","iPSC 409B2"
"D6_hOrg65d","Homo sapiens","Unknown","Dissociated whole cerebral organoid","65 days","iPSC 409B2"
"D7_hOrg35d","Homo sapiens","ventral progenitor","Dissociated whole cerebral organoid","35 days","iPSC 409B2"
"D7_hOrg37d","Homo sapiens","ventral progenitor","Dissociated whole cerebral organoid","37 days","iPSC 409B2"
"D7_hOrg41d","Homo sapiens","mesenchyme","Dissociated whole cerebral organoid","41 days","iPSC 409B2"
"D7_hOrg65d","Homo sapiens","Unknown","Dissociated whole cerebral organoid","65 days","iPSC 409B2"
"D8_hOrg35d","Homo sapiens","Unknown","Dissociated whole cerebral organoid","35 days","iPSC 409B2"
"D8_hOrg37d","Homo sapiens","ventral progenitor","Dissociated whole cerebral organoid","37 days","iPSC 409B2"
"D8_hOrg41d","Homo sapiens","Unknown","Dissociated whole cerebral organoid","41 days","iPSC 409B2"
"D8_hOrg65d","Homo sapiens","dosal cortex neuron","Dissociated whole cerebral organoid","65 days","iPSC 409B2"
"D9_hOrg35d","Homo sapiens","Unknown","Dissociated whole cerebral organoid","35 days","iPSC 409B2"
"D9_hOrg37d","Homo sapiens","ventral progenitor","Dissociated whole cerebral organoid","37 days","iPSC 409B2"
"D9_hOrg41d","Homo sapiens","Unknown","Dissociated whole cerebral organoid","41 days","iPSC 409B2"
"E1_hOrg35d","Homo sapiens","Unknown","Dissociated whole cerebral organoid","35 days","iPSC 409B2"
"E1_hOrg37d","Homo sapiens","ventral progenitor","Dissociated whole cerebral organoid","37 days","iPSC 409B2"
"E1_hOrg41d","Homo sapiens","dosal cortex neuron","Dissociated whole cerebral organoid","41 days","iPSC 409B2"
"E10_hOrg35d","Homo sapiens","ventral progenitor","Dissociated whole cerebral organoid","35 days","iPSC 409B2"
"E10_hOrg37d","Homo sapiens","Unknown","Dissociated whole cerebral organoid","37 days","iPSC 409B2"
"E10_hOrg65d","Homo sapiens","Unknown","Dissociated whole cerebral organoid","65 days","iPSC 409B2"
"E11_hOrg35d","Homo sapiens","Unknown","Dissociated whole cerebral organoid","35 days","iPSC 409B2"
"E11_hOrg37d","Homo sapiens","Unknown","Dissociated whole cerebral organoid","37 days","iPSC 409B2"
"E11_hOrg65d","Homo sapiens","neuron","Dissociated whole cerebral organoid","65 days","iPSC 409B2"
"E12_hOrg35d","Homo sapiens","ventral progenitor","Dissociated whole cerebral organoid","35 days","iPSC 409B2"
"E12_hOrg37d","Homo sapiens","ventral progenitor","Dissociated whole cerebral organoid","37 days","iPSC 409B2"
"E2_hOrg35d","Homo sapiens","ventral progenitor","Dissociated whole cerebral organoid","35 days","iPSC 409B2"
"E2_hOrg37d","Homo sapiens","Unknown","Dissociated whole cerebral organoid","37 days","iPSC 409B2"
"E2_hOrg41d","Homo sapiens","Unknown","Dissociated whole cerebral organoid","41 days","iPSC 409B2"
"E2_hOrg65d","Homo sapiens","neuron","Dissociated whole cerebral organoid","65 days","iPSC 409B2"
"E3_hOrg35d","Homo sapiens","ventral progenitor","Dissociated whole cerebral organoid","35 days","iPSC 409B2"
"E3_hOrg37d","Homo sapiens","dosal cortex progenitor","Dissociated whole cerebral organoid","37 days","iPSC 409B2"
"E3_hOrg41d","Homo sapiens","mesenchyme","Dissociated whole cerebral organoid","41 days","iPSC 409B2"
"E3_hOrg65d","Homo sapiens","Unknown","Dissociated whole cerebral organoid","65 days","iPSC 409B2"
"E4_hOrg35d","Homo sapiens","ventral progenitor","Dissociated whole cerebral organoid","35 days","iPSC 409B2"
"E4_hOrg41d","Homo sapiens","Unknown","Dissociated whole cerebral organoid","41 days","iPSC 409B2"
"E4_hOrg65d","Homo sapiens","dosal cortex progenitor","Dissociated whole cerebral organoid","65 days","iPSC 409B2"
"E5_hOrg35d","Homo sapiens","ventral progenitor","Dissociated whole cerebral organoid","35 days","iPSC 409B2"
"E5_hOrg37d","Homo sapiens","ventral progenitor","Dissociated whole cerebral organoid","37 days","iPSC 409B2"
"E5_hOrg65d","Homo sapiens","Unknown","Dissociated whole cerebral organoid","65 days","iPSC 409B2"
"E6_hOrg35d","Homo sapiens","ventral progenitor","Dissociated whole cerebral organoid","35 days","iPSC 409B2"
"E6_hOrg37d","Homo sapiens","ventral progenitor","Dissociated whole cerebral organoid","37 days","iPSC 409B2"
"E6_hOrg41d","Homo sapiens","dosal cortex progenitor","Dissociated whole cerebral organoid","41 days","iPSC 409B2"
"E7_hOrg35d","Homo sapiens","ventral progenitor","Dissociated whole cerebral organoid","35 days","iPSC 409B2"
"E7_hOrg37d","Homo sapiens","ventral progenitor","Dissociated whole cerebral organoid","37 days","iPSC 409B2"
"E7_hOrg41d","Homo sapiens","mesenchyme","Dissociated whole cerebral organoid","41 days","iPSC 409B2"
"E8_hOrg35d","Homo sapiens","ventral progenitor","Dissociated whole cerebral organoid","35 days","iPSC 409B2"
"E8_hOrg37d","Homo sapiens","ventral progenitor","Dissociated whole cerebral organoid","37 days","iPSC 409B2"
"E8_hOrg65d","Homo sapiens","neuron","Dissociated whole cerebral organoid","65 days","iPSC 409B2"
"E9_hOrg35d","Homo sapiens","ventral progenitor","Dissociated whole cerebral organoid","35 days","iPSC 409B2"
"E9_hOrg37d","Homo sapiens","ventral progenitor","Dissociated whole cerebral organoid","37 days","iPSC 409B2"
"E9_hOrg41d","Homo sapiens","mesenchyme","Dissociated whole cerebral organoid","41 days","iPSC 409B2"
"E9_hOrg65d","Homo sapiens","Unknown","Dissociated whole cerebral organoid","65 days","iPSC 409B2"
"F1_hOrg41d","Homo sapiens","dosal cortex neuron","Dissociated whole cerebral organoid","41 days","iPSC 409B2"
"F10_hOrg35d","Homo sapiens","ventral progenitor","Dissociated whole cerebral organoid","35 days","iPSC 409B2"
"F10_hOrg37d","Homo sapiens","ventral progenitor","Dissociated whole cerebral organoid","37 days","iPSC 409B2"
"F10_hOrg41d","Homo sapiens","mesenchyme","Dissociated whole cerebral organoid","41 days","iPSC 409B2"
"F10_hOrg65d","Homo sapiens","Unknown","Dissociated whole cerebral organoid","65 days","iPSC 409B2"
"F11_hOrg35d","Homo sapiens","ventral progenitor","Dissociated whole cerebral organoid","35 days","iPSC 409B2"
"F11_hOrg37d","Homo sapiens","Unknown","Dissociated whole cerebral organoid","37 days","iPSC 409B2"
"F11_hOrg41d","Homo sapiens","mesenchyme","Dissociated whole cerebral organoid","41 days","iPSC 409B2"
"F11_hOrg65d","Homo sapiens","Unknown","Dissociated whole cerebral organoid","65 days","iPSC 409B2"
"F12_hOrg35d","Homo sapiens","ventral progenitor","Dissociated whole cerebral organoid","35 days","iPSC 409B2"
"F12_hOrg37d","Homo sapiens","ventral progenitor","Dissociated whole cerebral organoid","37 days","iPSC 409B2"
"F12_hOrg41d","Homo sapiens","Unknown","Dissociated whole cerebral organoid","41 days","iPSC 409B2"
"F12_hOrg65d","Homo sapiens","Unknown","Dissociated whole cerebral organoid","65 days","iPSC 409B2"
"F2_hOrg35d","Homo sapiens","ventral progenitor","Dissociated whole cerebral organoid","35 days","iPSC 409B2"
"F2_hOrg37d","Homo sapiens","Unknown","Dissociated whole cerebral organoid","37 days","iPSC 409B2"
"F2_hOrg41d","Homo sapiens","Unknown","Dissociated whole cerebral organoid","41 days","iPSC 409B2"
"F2_hOrg65d","Homo sapiens","Unknown","Dissociated whole cerebral organoid","65 days","iPSC 409B2"
"F3_hOrg35d","Homo sapiens","ventral progenitor","Dissociated whole cerebral organoid","35 days","iPSC 409B2"
"F3_hOrg37d","Homo sapiens","ventral progenitor","Dissociated whole cerebral organoid","37 days","iPSC 409B2"
"F3_hOrg41d","Homo sapiens","Unknown","Dissociated whole cerebral organoid","41 days","iPSC 409B2"
"F3_hOrg65d","Homo sapiens","Unknown","Dissociated whole cerebral organoid","65 days","iPSC 409B2"
"F4_hOrg35d","Homo sapiens","ventral progenitor","Dissociated whole cerebral organoid","35 days","iPSC 409B2"
"F4_hOrg37d","Homo sapiens","ventral progenitor","Dissociated whole cerebral organoid","37 days","iPSC 409B2"
"F4_hOrg41d","Homo sapiens","dosal cortex progenitor","Dissociated whole cerebral organoid","41 days","iPSC 409B2"
"F4_hOrg65d","Homo sapiens","dosal cortex neuron","Dissociated whole cerebral organoid","65 days","iPSC 409B2"
"F5_hOrg35d","Homo sapiens","ventral progenitor","Dissociated whole cerebral organoid","35 days","iPSC 409B2"
"F5_hOrg37d","Homo sapiens","Unknown","Dissociated whole cerebral organoid","37 days","iPSC 409B2"
"F5_hOrg65d","Homo sapiens","Unknown","Dissociated whole cerebral organoid","65 days","iPSC 409B2"
"F6_hOrg35d","Homo sapiens","ventral progenitor","Dissociated whole cerebral organoid","35 days","iPSC 409B2"
"F6_hOrg41d","Homo sapiens","Unknown","Dissociated whole cerebral organoid","41 days","iPSC 409B2"
"F7_hOrg35d","Homo sapiens","ventral progenitor","Dissociated whole cerebral organoid","35 days","iPSC 409B2"
"F7_hOrg37d","Homo sapiens","ventral progenitor","Dissociated whole cerebral organoid","37 days","iPSC 409B2"
"F7_hOrg41d","Homo sapiens","dosal cortex progenitor","Dissociated whole cerebral organoid","41 days","iPSC 409B2"
"F7_hOrg65d","Homo sapiens","Unknown","Dissociated whole cerebral organoid","65 days","iPSC 409B2"
"F8_hOrg35d","Homo sapiens","ventral progenitor","Dissociated whole cerebral organoid","35 days","iPSC 409B2"
"F8_hOrg41d","Homo sapiens","mesenchyme","Dissociated whole cerebral organoid","41 days","iPSC 409B2"
"F8_hOrg65d","Homo sapiens","Unknown","Dissociated whole cerebral organoid","65 days","iPSC 409B2"
"F9_hOrg35d","Homo sapiens","ventral progenitor","Dissociated whole cerebral organoid","35 days","iPSC 409B2"
"F9_hOrg37d","Homo sapiens","neuron","Dissociated whole cerebral organoid","37 days","iPSC 409B2"
"F9_hOrg41d","Homo sapiens","ventral progenitor","Dissociated whole cerebral organoid","41 days","iPSC 409B2"
"F9_hOrg65d","Homo sapiens","Unknown","Dissociated whole cerebral organoid","65 days","iPSC 409B2"
"G1_hOrg41d","Homo sapiens","mesenchyme","Dissociated whole cerebral organoid","41 days","iPSC 409B2"
"G1_hOrg65d","Homo sapiens","neuron","Dissociated whole cerebral organoid","65 days","iPSC 409B2"
"G10_hOrg37d","Homo sapiens","ventral progenitor","Dissociated whole cerebral organoid","37 days","iPSC 409B2"
"G10_hOrg41d","Homo sapiens","Unknown","Dissociated whole cerebral organoid","41 days","iPSC 409B2"
"G10_hOrg65d","Homo sapiens","Unknown","Dissociated whole cerebral organoid","65 days","iPSC 409B2"
"G11_hOrg37d","Homo sapiens","Unknown","Dissociated whole cerebral organoid","37 days","iPSC 409B2"
"G11_hOrg41d","Homo sapiens","dosal cortex progenitor","Dissociated whole cerebral organoid","41 days","iPSC 409B2"
"G11_hOrg65d","Homo sapiens","dosal cortex progenitor","Dissociated whole cerebral organoid","65 days","iPSC 409B2"
"G12_hOrg37d","Homo sapiens","Unknown","Dissociated whole cerebral organoid","37 days","iPSC 409B2"
"G12_hOrg41d","Homo sapiens","dosal cortex progenitor","Dissociated whole cerebral organoid","41 days","iPSC 409B2"
"G12_hOrg65d","Homo sapiens","neuron","Dissociated whole cerebral organoid","65 days","iPSC 409B2"
"G2_hOrg37d","Homo sapiens","ventral progenitor","Dissociated whole cerebral organoid","37 days","iPSC 409B2"
"G2_hOrg65d","Homo sapiens","dosal cortex neuron","Dissociated whole cerebral organoid","65 days","iPSC 409B2"
"G3_hOrg37d","Homo sapiens","Unknown","Dissociated whole cerebral organoid","37 days","iPSC 409B2"
"G3_hOrg41d","Homo sapiens","mesenchyme","Dissociated whole cerebral organoid","41 days","iPSC 409B2"
"G4_hOrg41d","Homo sapiens","Unknown","Dissociated whole cerebral organoid","41 days","iPSC 409B2"
"G4_hOrg65d","Homo sapiens","Unknown","Dissociated whole cerebral organoid","65 days","iPSC 409B2"
"G5_hOrg37d","Homo sapiens","ventral progenitor","Dissociated whole cerebral organoid","37 days","iPSC 409B2"
"G5_hOrg41d","Homo sapiens","Unknown","Dissociated whole cerebral organoid","41 days","iPSC 409B2"
"G5_hOrg65d","Homo sapiens","neuron","Dissociated whole cerebral organoid","65 days","iPSC 409B2"
"G6_hOrg65d","Homo sapiens","neuron","Dissociated whole cerebral organoid","65 days","iPSC 409B2"
"G7_hOrg41d","Homo sapiens","ventral progenitor","Dissociated whole cerebral organoid","41 days","iPSC 409B2"
"G7_hOrg65d","Homo sapiens","neuron","Dissociated whole cerebral organoid","65 days","iPSC 409B2"
"G8_hOrg41d","Homo sapiens","Unknown","Dissociated whole cerebral organoid","41 days","iPSC 409B2"
"G8_hOrg65d","Homo sapiens","ventral progenitor","Dissociated whole cerebral organoid","65 days","iPSC 409B2"
"G9_hOrg37d","Homo sapiens","Unknown","Dissociated whole cerebral organoid","37 days","iPSC 409B2"
"G9_hOrg41d","Homo sapiens","dosal cortex neuron","Dissociated whole cerebral organoid","41 days","iPSC 409B2"
"G9_hOrg65d","Homo sapiens","Unknown","Dissociated whole cerebral organoid","65 days","iPSC 409B2"
"H1_hOrg65d","Homo sapiens","Unknown","Dissociated whole cerebral organoid","65 days","iPSC 409B2"
"H10_hOrg37d","Homo sapiens","Unknown","Dissociated whole cerebral organoid","37 days","iPSC 409B2"
"H10_hOrg41d","Homo sapiens","dosal cortex progenitor","Dissociated whole cerebral organoid","41 days","iPSC 409B2"
"H11_hOrg37d","Homo sapiens","ventral progenitor","Dissociated whole cerebral organoid","37 days","iPSC 409B2"
"H11_hOrg65d","Homo sapiens","Unknown","Dissociated whole cerebral organoid","65 days","iPSC 409B2"
"H12_hOrg37d","Homo sapiens","neuron","Dissociated whole cerebral organoid","37 days","iPSC 409B2"
"H12_hOrg65d","Homo sapiens","Unknown","Dissociated whole cerebral organoid","65 days","iPSC 409B2"
"H2_hOrg41d","Homo sapiens","mesenchyme","Dissociated whole cerebral organoid","41 days","iPSC 409B2"
"H3_hOrg37d","Homo sapiens","Unknown","Dissociated whole cerebral organoid","37 days","iPSC 409B2"
"H3_hOrg41d","Homo sapiens","mesenchyme","Dissociated whole cerebral organoid","41 days","iPSC 409B2"
"H3_hOrg65d","Homo sapiens","neuron","Dissociated whole cerebral organoid","65 days","iPSC 409B2"
"H4_hOrg37d","Homo sapiens","Unknown","Dissociated whole cerebral organoid","37 days","iPSC 409B2"
"H4_hOrg41d","Homo sapiens","dosal cortex progenitor","Dissociated whole cerebral organoid","41 days","iPSC 409B2"
"H4_hOrg65d","Homo sapiens","neuron","Dissociated whole cerebral organoid","65 days","iPSC 409B2"
"H6_hOrg65d","Homo sapiens","Unknown","Dissociated whole cerebral organoid","65 days","iPSC 409B2"
"H7_hOrg37d","Homo sapiens","ventral progenitor","Dissociated whole cerebral organoid","37 days","iPSC 409B2"
"H7_hOrg41d","Homo sapiens","mesenchyme","Dissociated whole cerebral organoid","41 days","iPSC 409B2"
"H7_hOrg65d","Homo sapiens","mesenchyme","Dissociated whole cerebral organoid","65 days","iPSC 409B2"
"H8_hOrg37d","Homo sapiens","ventral progenitor","Dissociated whole cerebral organoid","37 days","iPSC 409B2"
"H8_hOrg41d","Homo sapiens","mesenchyme","Dissociated whole cerebral organoid","41 days","iPSC 409B2"
"H9_hOrg65d","Homo sapiens","Unknown","Dissociated whole cerebral organoid","65 days","iPSC 409B2"
